company_group,sector,ticker,position,statement_type,concepts_used,extraction_method,n_filings,latest_value,latest_period
BankA,Banks,AXP,allowance_for_credit_losses,balance_sheet,FinancingReceivableAllowanceForCreditLosses,ixbrl_dimensional,21,6065000000.0,2026-03-31
BankA,Banks,BAC,allowance_for_credit_losses,balance_sheet,"FinancingReceivableAllowanceForCreditLossExcludingAccruedInterest, FinancingReceivableAllowanceForCreditLosses",sec_companyfacts,21,13148000000.0,2026-03-31
BankA,Banks,C,allowance_for_credit_losses,balance_sheet,"FinancingReceivableAllowanceForCreditLossExcludingAccruedInterest, FinancingReceivableAllowanceForCreditLosses",ixbrl_dimensional,21,19636000000.0,2026-03-31
BankA,Banks,GS,allowance_for_credit_losses,balance_sheet,"FinancingReceivableAllowanceForCreditLosses, LoansAndLeasesReceivableAllowance",sec_companyfacts,21,2345000000.0,2026-03-31
BankA,Banks,JPM,allowance_for_credit_losses,balance_sheet,"FinancingReceivableAllowanceForCreditLossExcludingAccruedInterest, FinancingReceivableAllowanceForCreditLosses",sec_companyfacts,21,25928000000.0,2026-03-31
BankA,Banks,MS,allowance_for_credit_losses,balance_sheet,"FinancingReceivableAllowanceForCreditLossExcludingAccruedInterest, FinancingReceivableAllowanceForCreditLosses",sec_companyfacts,21,1174000000.0,2026-03-31
BankA,Banks,SCHW,allowance_for_credit_losses,balance_sheet,"FinancingReceivableAllowanceForCreditLossExcludingAccruedInterest, FinancingReceivableAllowanceForCreditLosses",sec_companyfacts,21,36000000.0,2026-03-31
BankA,Banks,WFC,allowance_for_credit_losses,balance_sheet,"FinancingReceivableAllowanceForCreditLosses, FinancingReceivableAndNetInvestmentInLeaseAllowanceForLoanLossesExcludingAccruedInterest",ixbrl_dimensional,21,13864000000.0,2026-03-31
BankA,Banks,AXP,card_member_loans,balance_sheet,NotesReceivableNet,ixbrl_dimensional,21,207247000000.0,2026-03-31
BankA,Banks,AXP,card_member_loans_held_for_sale,balance_sheet,LoansReceivableHeldForSaleAmount,ixbrl_dimensional,6,2477000000.0,2026-03-31
BankA,Banks,AXP,income_before_tax,income_statement,"IncomeLossFromContinuingOperationsBeforeIncomeTaxesExtraordinaryItemsNoncontrollingInterest, IncomeLossFromContinuingOperationsBeforeIncomeTaxesMinorityInterestAndIncomeLossFromEquityMethodInvestments",sec_companyfacts,21,3778000000.0,2026-03-31
BankA,Banks,BAC,income_before_tax,income_statement,IncomeLossFromContinuingOperationsBeforeIncomeTaxesExtraordinaryItemsNoncontrollingInterest,sec_companyfacts,21,10404000000.0,2026-03-31
BankA,Banks,C,income_before_tax,income_statement,IncomeLossFromContinuingOperationsBeforeIncomeTaxesExtraordinaryItemsNoncontrollingInterest,ixbrl_dimensional,21,7517000000.0,2026-03-31
BankA,Banks,GS,income_before_tax,income_statement,IncomeLossFromContinuingOperationsBeforeIncomeTaxesExtraordinaryItemsNoncontrollingInterest,sec_companyfacts,21,6486000000.0,2026-03-31
BankA,Banks,JPM,income_before_tax,income_statement,IncomeLossFromContinuingOperationsBeforeIncomeTaxesExtraordinaryItemsNoncontrollingInterest,sec_companyfacts,21,20479000000.0,2026-03-31
BankA,Banks,MS,income_before_tax,income_statement,IncomeLossFromContinuingOperationsBeforeIncomeTaxesExtraordinaryItemsNoncontrollingInterest,sec_companyfacts,21,7011000000.0,2026-03-31
BankA,Banks,SCHW,income_before_tax,income_statement,IncomeLossFromContinuingOperationsBeforeIncomeTaxesExtraordinaryItemsNoncontrollingInterest,sec_companyfacts,21,3188000000.0,2026-03-31
BankA,Banks,WFC,income_before_tax,income_statement,IncomeLossFromContinuingOperationsBeforeIncomeTaxesExtraordinaryItemsNoncontrollingInterest,sec_companyfacts,21,5981000000.0,2026-03-31
BankA,Banks,AXP,income_tax,income_statement,IncomeTaxExpenseBenefit,sec_companyfacts,21,807000000.0,2026-03-31
BankA,Banks,BAC,income_tax,income_statement,IncomeTaxExpenseBenefit,sec_companyfacts,21,1820000000.0,2026-03-31
BankA,Banks,C,income_tax,income_statement,IncomeTaxExpenseBenefit,ixbrl_dimensional,21,1578000000.0,2026-03-31
BankA,Banks,GS,income_tax,income_statement,IncomeTaxExpenseBenefit,sec_companyfacts,21,856000000.0,2026-03-31
BankA,Banks,JPM,income_tax,income_statement,IncomeTaxExpenseBenefit,sec_companyfacts,21,3985000000.0,2026-03-31
BankA,Banks,MS,income_tax,income_statement,IncomeTaxExpenseBenefit,sec_companyfacts,21,1373000000.0,2026-03-31
BankA,Banks,SCHW,income_tax,income_statement,IncomeTaxExpenseBenefit,sec_companyfacts,21,709000000.0,2026-03-31
BankA,Banks,WFC,income_tax,income_statement,IncomeTaxExpenseBenefit,sec_companyfacts,21,691000000.0,2026-03-31
BankA,Banks,AXP,net_income,income_statement,NetIncomeLoss,sec_companyfacts,21,2971000000.0,2026-03-31
BankA,Banks,BAC,net_income,income_statement,NetIncomeLoss,sec_companyfacts,21,8584000000.0,2026-03-31
BankA,Banks,C,net_income,income_statement,NetIncomeLoss,ixbrl_dimensional,21,5785000000.0,2026-03-31
BankA,Banks,GS,net_income,income_statement,NetIncomeLoss,sec_companyfacts,21,5630000000.0,2026-03-31
BankA,Banks,JPM,net_income,income_statement,NetIncomeLoss,sec_companyfacts,21,16494000000.0,2026-03-31
BankA,Banks,MS,net_income,income_statement,NetIncomeLoss,sec_companyfacts,21,5567000000.0,2026-03-31
BankA,Banks,SCHW,net_income,income_statement,NetIncomeLoss,sec_companyfacts,21,2479000000.0,2026-03-31
BankA,Banks,WFC,net_income,income_statement,NetIncomeLoss,sec_companyfacts,21,5253000000.0,2026-03-31
BankA,Banks,AXP,net_interest_income,income_statement,InterestIncomeExpenseNet,sec_companyfacts,21,4692000000.0,2026-03-31
BankA,Banks,BAC,net_interest_income,income_statement,InterestIncomeExpenseNet,sec_companyfacts,21,15745000000.0,2026-03-31
BankA,Banks,C,net_interest_income,income_statement,InterestIncomeExpenseNet,ixbrl_dimensional,21,15741000000.0,2026-03-31
BankA,Banks,GS,net_interest_income,income_statement,InterestIncomeExpenseNet,sec_companyfacts,21,3555000000.0,2026-03-31
BankA,Banks,JPM,net_interest_income,income_statement,InterestIncomeExpenseNet,sec_companyfacts,21,25366000000.0,2026-03-31
BankA,Banks,MS,net_interest_income,income_statement,InterestIncomeExpenseNet,sec_companyfacts,21,2703000000.0,2026-03-31
BankA,Banks,SCHW,net_interest_income,income_statement,InterestIncomeExpenseNet,sec_companyfacts,21,3144000000.0,2026-03-31
BankA,Banks,WFC,net_interest_income,income_statement,InterestIncomeExpenseNet,sec_companyfacts,21,12096000000.0,2026-03-31
BankA,Banks,AXP,noninterest_expense,income_statement,NoninterestExpense,sec_companyfacts,21,13878000000.0,2026-03-31
BankA,Banks,BAC,noninterest_expense,income_statement,NoninterestExpense,sec_companyfacts,21,18531000000.0,2026-03-31
BankA,Banks,C,noninterest_expense,income_statement,NoninterestExpense,ixbrl_dimensional,21,14311000000.0,2026-03-31
BankA,Banks,GS,noninterest_expense,income_statement,NoninterestExpense,sec_companyfacts,21,10426000000.0,2026-03-31
BankA,Banks,JPM,noninterest_expense,income_statement,NoninterestExpense,sec_companyfacts,21,26850000000.0,2026-03-31
BankA,Banks,MS,noninterest_expense,income_statement,NoninterestExpense,sec_companyfacts,21,13471000000.0,2026-03-31
BankA,Banks,SCHW,noninterest_expense,income_statement,NoninterestExpense,sec_companyfacts,21,3294000000.0,2026-03-31
BankA,Banks,WFC,noninterest_expense,income_statement,NoninterestExpense,sec_companyfacts,21,14330000000.0,2026-03-31
BankA,Banks,AXP,operating_cash_flow,cash_flow_statement,NetCashProvidedByUsedInOperatingActivities,sec_companyfacts,21,3804000000.0,2026-03-31
BankA,Banks,BAC,operating_cash_flow,cash_flow_statement,NetCashProvidedByUsedInOperatingActivities,sec_companyfacts,21,41770000000.0,2026-03-31
BankA,Banks,C,operating_cash_flow,cash_flow_statement,NetCashProvidedByUsedInOperatingActivities,ixbrl_dimensional,21,-21873000000.0,2026-03-31
BankA,Banks,GS,operating_cash_flow,cash_flow_statement,NetCashProvidedByUsedInOperatingActivities,sec_companyfacts,21,-31868000000.0,2026-03-31
BankA,Banks,JPM,operating_cash_flow,cash_flow_statement,NetCashProvidedByUsedInOperatingActivities,sec_companyfacts,21,-211761000000.0,2026-03-31
BankA,Banks,MS,operating_cash_flow,cash_flow_statement,NetCashProvidedByUsedInOperatingActivities,sec_companyfacts,21,-7098000000.0,2026-03-31
BankA,Banks,SCHW,operating_cash_flow,cash_flow_statement,NetCashProvidedByUsedInOperatingActivities,sec_companyfacts,21,7342000000.0,2026-03-31
BankA,Banks,WFC,operating_cash_flow,cash_flow_statement,NetCashProvidedByUsedInOperatingActivities,sec_companyfacts,21,9143000000.0,2026-03-31
BankA,Banks,AXP,other_loans,balance_sheet,NotesReceivableNet,ixbrl_dimensional,21,10535000000.0,2026-03-31
BankA,Banks,AXP,retained_earnings,balance_sheet,RetainedEarningsAccumulatedDeficit,sec_companyfacts,21,26088000000.0,2026-03-31
BankA,Banks,BAC,retained_earnings,balance_sheet,RetainedEarningsAccumulatedDeficit,sec_companyfacts,21,267765000000.0,2026-03-31
BankA,Banks,C,retained_earnings,balance_sheet,RetainedEarningsAccumulatedDeficit,ixbrl_dimensional,21,219542000000.0,2026-03-31
BankA,Banks,GS,retained_earnings,balance_sheet,RetainedEarningsAccumulatedDeficit,sec_companyfacts,21,169316000000.0,2026-03-31
BankA,Banks,JPM,retained_earnings,balance_sheet,RetainedEarningsAccumulatedDeficit,sec_companyfacts,21,428206000000.0,2026-03-31
BankA,Banks,MS,retained_earnings,balance_sheet,RetainedEarningsAccumulatedDeficit,sec_companyfacts,21,118913000000.0,2026-03-31
BankA,Banks,SCHW,retained_earnings,balance_sheet,RetainedEarningsAccumulatedDeficit,sec_companyfacts,21,45912000000.0,2026-03-31
BankA,Banks,WFC,retained_earnings,balance_sheet,RetainedEarningsAccumulatedDeficit,sec_companyfacts,21,232459000000.0,2026-03-31
BankA,Banks,AXP,revenue,income_statement,RevenuesNetOfInterestExpense,sec_companyfacts,21,18907000000.0,2026-03-31
BankA,Banks,BAC,revenue,income_statement,Revenues,sec_companyfacts,21,30272000000.0,2026-03-31
BankA,Banks,C,revenue,income_statement,Revenues,ixbrl_dimensional,21,24633000000.0,2026-03-31
BankA,Banks,GS,revenue,income_statement,RevenuesNetOfInterestExpense,sec_companyfacts,21,17227000000.0,2026-03-31
BankA,Banks,JPM,revenue,income_statement,RevenuesNetOfInterestExpense,sec_companyfacts,21,49836000000.0,2026-03-31
BankA,Banks,MS,revenue,income_statement,RevenuesNetOfInterestExpense,sec_companyfacts,21,20580000000.0,2026-03-31
BankA,Banks,SCHW,revenue,income_statement,Revenues,sec_companyfacts,21,6482000000.0,2026-03-31
BankA,Banks,WFC,revenue,income_statement,RevenuesNetOfInterestExpense,sec_companyfacts,21,21446000000.0,2026-03-31
BankA,Banks,AXP,total_assets,balance_sheet,Assets,sec_companyfacts,21,308894000000.0,2026-03-31
BankA,Banks,BAC,total_assets,balance_sheet,Assets,sec_companyfacts,21,3496186000000.0,2026-03-31
BankA,Banks,C,total_assets,balance_sheet,Assets,ixbrl_dimensional,21,2777687000000.0,2026-03-31
BankA,Banks,GS,total_assets,balance_sheet,Assets,sec_companyfacts,21,2060180000000.0,2026-03-31
BankA,Banks,JPM,total_assets,balance_sheet,Assets,sec_companyfacts,21,4900475000000.0,2026-03-31
BankA,Banks,MS,total_assets,balance_sheet,Assets,sec_companyfacts,21,1581418000000.0,2026-03-31
BankA,Banks,SCHW,total_assets,balance_sheet,Assets,sec_companyfacts,21,493319000000.0,2026-03-31
BankA,Banks,WFC,total_assets,balance_sheet,Assets,sec_companyfacts,21,2205752000000.0,2026-03-31
BankA,Banks,AXP,total_deposits,balance_sheet,Deposits,sec_companyfacts,21,157948000000.0,2026-03-31
BankA,Banks,BAC,total_deposits,balance_sheet,Deposits,sec_companyfacts,21,2037663000000.0,2026-03-31
BankA,Banks,C,total_deposits,balance_sheet,Deposits,ixbrl_dimensional,21,1446240000000.0,2026-03-31
BankA,Banks,GS,total_deposits,balance_sheet,Deposits,sec_companyfacts,21,561263000000.0,2026-03-31
BankA,Banks,JPM,total_deposits,balance_sheet,Deposits,sec_companyfacts,21,2675520000000.0,2026-03-31
BankA,Banks,MS,total_deposits,balance_sheet,Deposits,sec_companyfacts,21,427971000000.0,2026-03-31
BankA,Banks,SCHW,total_deposits,balance_sheet,Deposits,sec_companyfacts,21,253041000000.0,2026-03-31
BankA,Banks,WFC,total_deposits,balance_sheet,Deposits,sec_companyfacts,21,1454939000000.0,2026-03-31
BankA,Banks,AXP,total_equity,balance_sheet,StockholdersEquity,sec_companyfacts,21,33995000000.0,2026-03-31
BankA,Banks,BAC,total_equity,balance_sheet,StockholdersEquity,sec_companyfacts,21,300668000000.0,2026-03-31
BankA,Banks,C,total_equity,balance_sheet,StockholdersEquityIncludingPortionAttributableToNoncontrollingInterest,ixbrl_dimensional,21,212572000000.0,2026-03-31
BankA,Banks,GS,total_equity,balance_sheet,StockholdersEquity,sec_companyfacts,21,122782000000.0,2026-03-31
BankA,Banks,JPM,total_equity,balance_sheet,StockholdersEquity,sec_companyfacts,21,364038000000.0,2026-03-31
BankA,Banks,MS,total_equity,balance_sheet,StockholdersEquityIncludingPortionAttributableToNoncontrollingInterest,sec_companyfacts,21,115384000000.0,2026-03-31
BankA,Banks,SCHW,total_equity,balance_sheet,StockholdersEquity,sec_companyfacts,21,49234000000.0,2026-03-31
BankA,Banks,WFC,total_equity,balance_sheet,StockholdersEquityIncludingPortionAttributableToNoncontrollingInterest,sec_companyfacts,21,180313000000.0,2026-03-31
BankA,Banks,AXP,total_loans,balance_sheet,(calculated/none),calculated,21,220259000000.0,2026-03-31
BankA,Banks,BAC,total_loans,balance_sheet,"FinancingReceivableExcludingAccruedInterestAfterAllowanceForCreditLoss, NotesReceivableNet",sec_companyfacts,21,1191887000000.0,2026-03-31
BankA,Banks,C,total_loans,balance_sheet,"FinancingReceivableExcludingAccruedInterestAfterAllowanceForCreditLoss, NotesReceivableNet",ixbrl_dimensional,21,741980000000.0,2026-03-31
BankA,Banks,GS,total_loans,balance_sheet,"LoansAndLeasesReceivableNetReportedAmount, NotesReceivableNet",sec_companyfacts,21,252849000000.0,2026-03-31
BankA,Banks,JPM,total_loans,balance_sheet,"FinancingReceivableExcludingAccruedInterestAfterAllowanceForCreditLoss, NotesReceivableNet",sec_companyfacts,21,1477592000000.0,2026-03-31
BankA,Banks,MS,total_loans,balance_sheet,"FinancingReceivableExcludingAccruedInterestAfterAllowanceForCreditLoss, NotesReceivableNet",sec_companyfacts,21,276683000000.0,2026-03-31
BankA,Banks,SCHW,total_loans,balance_sheet,"FinancingReceivableExcludingAccruedInterestAfterAllowanceForCreditLoss, NotesReceivableNet",sec_companyfacts,21,60872000000.0,2026-03-31
BankA,Banks,WFC,total_loans,balance_sheet,"FinancingReceivableAndNetInvestmentInLeaseExcludingAccruedInterestBeforeAllowanceForCreditLoss, LoansAndLeasesReceivableNetReportedAmount",ixbrl_dimensional,21,1016787000000.0,2026-03-31
CommA,Communication,DIS,capital_expenditure,cash_flow_statement,PaymentsToAcquirePropertyPlantAndEquipment,sec_companyfacts,22,1973000000.0,2026-03-28
CommA,Communication,GOOG,capital_expenditure,cash_flow_statement,PaymentsToAcquirePropertyPlantAndEquipment,sec_companyfacts,21,35674000000.0,2026-03-31
CommA,Communication,GOOGL,capital_expenditure,cash_flow_statement,PaymentsToAcquirePropertyPlantAndEquipment,sec_companyfacts,21,35674000000.0,2026-03-31
CommA,Communication,META,capital_expenditure,cash_flow_statement,PaymentsToAcquirePropertyPlantAndEquipment,sec_companyfacts,21,18997000000.0,2026-03-31
CommA,Communication,NFLX,capital_expenditure,cash_flow_statement,PaymentsToAcquirePropertyPlantAndEquipment,sec_companyfacts,21,196130000.0,2026-03-31
CommA,Communication,T,capital_expenditure,cash_flow_statement,PaymentsToAcquireProductiveAssets,sec_companyfacts,21,4877000000.0,2026-03-31
CommA,Communication,VZ,capital_expenditure,cash_flow_statement,PaymentsToAcquireOtherProductiveAssets,sec_companyfacts,21,4201000000.0,2026-03-31
CommA,Communication,DIS,cash_and_cash_equivalents,balance_sheet,CashAndCashEquivalentsAtCarryingValue,sec_companyfacts,23,5682000000.0,2026-03-28
CommA,Communication,GOOG,cash_and_cash_equivalents,balance_sheet,CashAndCashEquivalentsAtCarryingValue,sec_companyfacts,21,38063000000.0,2026-03-31
CommA,Communication,GOOGL,cash_and_cash_equivalents,balance_sheet,CashAndCashEquivalentsAtCarryingValue,sec_companyfacts,21,38063000000.0,2026-03-31
CommA,Communication,META,cash_and_cash_equivalents,balance_sheet,CashAndCashEquivalentsAtCarryingValue,sec_companyfacts,21,23426000000.0,2026-03-31
CommA,Communication,NFLX,cash_and_cash_equivalents,balance_sheet,CashAndCashEquivalentsAtCarryingValue,sec_companyfacts,21,12259772000.0,2026-03-31
CommA,Communication,T,cash_and_cash_equivalents,balance_sheet,CashAndCashEquivalentsAtCarryingValue,sec_companyfacts,21,11964000000.0,2026-03-31
CommA,Communication,VZ,cash_and_cash_equivalents,balance_sheet,CashAndCashEquivalentsAtCarryingValue,sec_companyfacts,21,8366000000.0,2026-03-31
CommA,Communication,DIS,cost_of_product,income_statement,CostOfGoodsAndServicesSold,ixbrl_dimensional,23,1484000000.0,2026-03-28
CommA,Communication,T,cost_of_product,income_statement,CostOfGoodsAndServicesSold,ixbrl_dimensional,21,6305000000.0,2026-03-31
CommA,Communication,VZ,cost_of_product,income_statement,CostOfGoodsAndServicesSold,ixbrl_dimensional,21,6506000000.0,2026-03-31
CommA,Communication,DIS,cost_of_revenue,income_statement,(calculated/none),calculated,23,15901000000.0,2026-03-28
CommA,Communication,GOOG,cost_of_revenue,income_statement,CostOfRevenue,sec_companyfacts,21,41271000000.0,2026-03-31
CommA,Communication,GOOGL,cost_of_revenue,income_statement,CostOfRevenue,sec_companyfacts,21,41271000000.0,2026-03-31
CommA,Communication,META,cost_of_revenue,income_statement,CostOfRevenue,sec_companyfacts,21,10218000000.0,2026-03-31
CommA,Communication,NFLX,cost_of_revenue,income_statement,CostOfRevenue,sec_companyfacts,21,5888238000.0,2026-03-31
CommA,Communication,T,cost_of_revenue,income_statement,CostOfRevenue,calculated,21,12566000000.0,2026-03-31
CommA,Communication,VZ,cost_of_revenue,income_statement,(calculated/none),calculated,21,13673000000.0,2026-03-31
CommA,Communication,DIS,cost_of_service,income_statement,CostOfGoodsAndServicesSold,ixbrl_dimensional,23,14417000000.0,2026-03-28
CommA,Communication,T,cost_of_service,income_statement,OtherCostOfOperatingRevenue,ixbrl_dimensional,21,6261000000.0,2026-03-31
CommA,Communication,VZ,cost_of_service,income_statement,CostOfGoodsAndServicesSold,ixbrl_dimensional,21,7167000000.0,2026-03-31
CommA,Communication,DIS,gross_profit,income_statement,(calculated/none),calculated,23,9267000000.0,2026-03-28
CommA,Communication,GOOG,gross_profit,income_statement,(calculated/none),calculated,21,68625000000.0,2026-03-31
CommA,Communication,GOOGL,gross_profit,income_statement,(calculated/none),calculated,21,68625000000.0,2026-03-31
CommA,Communication,META,gross_profit,income_statement,(calculated/none),calculated,21,46093000000.0,2026-03-31
CommA,Communication,NFLX,gross_profit,income_statement,(calculated/none),calculated,21,6361519000.0,2026-03-31
CommA,Communication,T,gross_profit,income_statement,(calculated/none),calculated,21,18940000000.0,2026-03-31
CommA,Communication,VZ,gross_profit,income_statement,(calculated/none),calculated,21,20767000000.0,2026-03-31
CommA,Communication,DIS,income_before_tax,income_statement,IncomeLossFromContinuingOperationsBeforeIncomeTaxesExtraordinaryItemsNoncontrollingInterest,sec_companyfacts,23,3367000000.0,2026-03-28
CommA,Communication,GOOG,income_before_tax,income_statement,"IncomeLossFromContinuingOperationsBeforeIncomeTaxesExtraordinaryItemsNoncontrollingInterest, IncomeLossFromContinuingOperationsBeforeIncomeTaxesMinorityInterestAndIncomeLossFromEquityMethodInvestments",sec_companyfacts,21,77412000000.0,2026-03-31
CommA,Communication,GOOGL,income_before_tax,income_statement,"IncomeLossFromContinuingOperationsBeforeIncomeTaxesExtraordinaryItemsNoncontrollingInterest, IncomeLossFromContinuingOperationsBeforeIncomeTaxesMinorityInterestAndIncomeLossFromEquityMethodInvestments",sec_companyfacts,21,77412000000.0,2026-03-31
CommA,Communication,META,income_before_tax,income_statement,IncomeLossFromContinuingOperationsBeforeIncomeTaxesExtraordinaryItemsNoncontrollingInterest,sec_companyfacts,21,21752000000.0,2026-03-31
CommA,Communication,NFLX,income_before_tax,income_statement,"IncomeLossFromContinuingOperationsBeforeIncomeTaxesExtraordinaryItemsNoncontrollingInterest, IncomeLossFromContinuingOperationsBeforeIncomeTaxesMinorityInterestAndIncomeLossFromEquityMethodInvestments",sec_companyfacts,21,6547086000.0,2026-03-31
CommA,Communication,T,income_before_tax,income_statement,IncomeLossFromContinuingOperationsBeforeIncomeTaxesExtraordinaryItemsNoncontrollingInterest,sec_companyfacts,21,5398000000.0,2026-03-31
CommA,Communication,VZ,income_before_tax,income_statement,IncomeLossFromContinuingOperationsBeforeIncomeTaxesExtraordinaryItemsNoncontrollingInterest,sec_companyfacts,21,6784000000.0,2026-03-31
CommA,Communication,DIS,income_tax,income_statement,IncomeTaxExpenseBenefit,sec_companyfacts,23,902000000.0,2026-03-28
CommA,Communication,GOOG,income_tax,income_statement,IncomeTaxExpenseBenefit,sec_companyfacts,21,14834000000.0,2026-03-31
CommA,Communication,GOOGL,income_tax,income_statement,IncomeTaxExpenseBenefit,sec_companyfacts,21,14834000000.0,2026-03-31
CommA,Communication,META,income_tax,income_statement,IncomeTaxExpenseBenefit,sec_companyfacts,21,-5021000000.0,2026-03-31
CommA,Communication,NFLX,income_tax,income_statement,IncomeTaxExpenseBenefit,sec_companyfacts,21,1264295000.0,2026-03-31
CommA,Communication,T,income_tax,income_statement,IncomeTaxExpenseBenefit,sec_companyfacts,21,1179000000.0,2026-03-31
CommA,Communication,VZ,income_tax,income_statement,IncomeTaxExpenseBenefit,sec_companyfacts,21,1638000000.0,2026-03-31
CommA,Communication,DIS,long_term_debt,balance_sheet,LongTermDebtNoncurrent,sec_companyfacts,23,38471000000.0,2026-03-28
CommA,Communication,GOOG,long_term_debt,balance_sheet,"LongTermDebt, LongTermDebtAndCapitalLeaseObligations, LongTermDebtNoncurrent",sec_companyfacts,21,77501000000.0,2026-03-31
CommA,Communication,GOOGL,long_term_debt,balance_sheet,"LongTermDebt, LongTermDebtAndCapitalLeaseObligations, LongTermDebtNoncurrent",sec_companyfacts,21,77501000000.0,2026-03-31
CommA,Communication,META,long_term_debt,balance_sheet,LongTermDebtNoncurrent,sec_companyfacts,15,58748000000.0,2026-03-31
CommA,Communication,NFLX,long_term_debt,balance_sheet,LongTermDebtNoncurrent,sec_companyfacts,21,13361331000.0,2026-03-31
CommA,Communication,T,long_term_debt,balance_sheet,"LongTermDebt, LongTermDebtAndCapitalLeaseObligations",sec_companyfacts,21,131589000000.0,2026-03-31
CommA,Communication,VZ,long_term_debt,balance_sheet,LongTermDebtAndCapitalLeaseObligations,sec_companyfacts,21,144231000000.0,2026-03-31
CommA,Communication,DIS,net_income,income_statement,NetIncomeLoss,sec_companyfacts,23,2247000000.0,2026-03-28
CommA,Communication,GOOG,net_income,income_statement,NetIncomeLoss,sec_companyfacts,21,62578000000.0,2026-03-31
CommA,Communication,GOOGL,net_income,income_statement,NetIncomeLoss,sec_companyfacts,21,62578000000.0,2026-03-31
CommA,Communication,META,net_income,income_statement,NetIncomeLoss,sec_companyfacts,21,26773000000.0,2026-03-31
CommA,Communication,NFLX,net_income,income_statement,NetIncomeLoss,sec_companyfacts,21,5282791000.0,2026-03-31
CommA,Communication,T,net_income,income_statement,NetIncomeLoss,sec_companyfacts,21,3829000000.0,2026-03-31
CommA,Communication,VZ,net_income,income_statement,NetIncomeLoss,sec_companyfacts,21,5045000000.0,2026-03-31
CommA,Communication,DIS,operating_cash_flow,cash_flow_statement,"NetCashProvidedByUsedInOperatingActivities, NetCashProvidedByUsedInOperatingActivitiesContinuingOperations",sec_companyfacts,22,6914000000.0,2026-03-28
CommA,Communication,GOOG,operating_cash_flow,cash_flow_statement,NetCashProvidedByUsedInOperatingActivities,sec_companyfacts,21,45790000000.0,2026-03-31
CommA,Communication,GOOGL,operating_cash_flow,cash_flow_statement,NetCashProvidedByUsedInOperatingActivities,sec_companyfacts,21,45790000000.0,2026-03-31
CommA,Communication,META,operating_cash_flow,cash_flow_statement,NetCashProvidedByUsedInOperatingActivities,sec_companyfacts,21,32226000000.0,2026-03-31
CommA,Communication,NFLX,operating_cash_flow,cash_flow_statement,NetCashProvidedByUsedInOperatingActivities,sec_companyfacts,21,5290205000.0,2026-03-31
CommA,Communication,T,operating_cash_flow,cash_flow_statement,"NetCashProvidedByUsedInOperatingActivities, NetCashProvidedByUsedInOperatingActivitiesContinuingOperations",sec_companyfacts,21,7595000000.0,2026-03-31
CommA,Communication,VZ,operating_cash_flow,cash_flow_statement,NetCashProvidedByUsedInOperatingActivities,sec_companyfacts,21,7984000000.0,2026-03-31
CommA,Communication,DIS,operating_income,income_statement,OperatingIncomeLoss,sec_companyfacts,23,4603000000.0,2026-03-28
CommA,Communication,GOOG,operating_income,income_statement,OperatingIncomeLoss,sec_companyfacts,21,39696000000.0,2026-03-31
CommA,Communication,GOOGL,operating_income,income_statement,OperatingIncomeLoss,sec_companyfacts,21,39696000000.0,2026-03-31
CommA,Communication,META,operating_income,income_statement,OperatingIncomeLoss,sec_companyfacts,21,22872000000.0,2026-03-31
CommA,Communication,NFLX,operating_income,income_statement,OperatingIncomeLoss,sec_companyfacts,21,3956997000.0,2026-03-31
CommA,Communication,T,operating_income,income_statement,OperatingIncomeLoss,sec_companyfacts,21,6658000000.0,2026-03-31
CommA,Communication,VZ,operating_income,income_statement,OperatingIncomeLoss,sec_companyfacts,21,8242000000.0,2026-03-31
CommA,Communication,GOOG,research_and_development,income_statement,ResearchAndDevelopmentExpense,sec_companyfacts,21,17032000000.0,2026-03-31
CommA,Communication,GOOGL,research_and_development,income_statement,ResearchAndDevelopmentExpense,sec_companyfacts,21,17032000000.0,2026-03-31
CommA,Communication,META,research_and_development,income_statement,ResearchAndDevelopmentExpense,sec_companyfacts,21,17699000000.0,2026-03-31
CommA,Communication,NFLX,research_and_development,income_statement,"ResearchAndDevelopmentExpense, TechnologyandDevelopmentExpense",sec_companyfacts,21,959696000.0,2026-03-31
CommA,Communication,DIS,revenue,income_statement,Revenues,sec_companyfacts,23,25168000000.0,2026-03-28
CommA,Communication,GOOG,revenue,income_statement,"RevenueFromContractWithCustomerExcludingAssessedTax, Revenues",sec_companyfacts,21,109896000000.0,2026-03-31
CommA,Communication,GOOGL,revenue,income_statement,"RevenueFromContractWithCustomerExcludingAssessedTax, Revenues",sec_companyfacts,21,109896000000.0,2026-03-31
CommA,Communication,META,revenue,income_statement,RevenueFromContractWithCustomerExcludingAssessedTax,sec_companyfacts,21,56311000000.0,2026-03-31
CommA,Communication,NFLX,revenue,income_statement,Revenues,sec_companyfacts,21,12249757000.0,2026-03-31
CommA,Communication,T,revenue,income_statement,Revenues,sec_companyfacts,21,31506000000.0,2026-03-31
CommA,Communication,VZ,revenue,income_statement,Revenues,sec_companyfacts,21,34440000000.0,2026-03-31
CommA,Communication,DIS,short_term_debt,balance_sheet,LongTermDebtCurrent,sec_companyfacts,23,8887000000.0,2026-03-28
CommA,Communication,GOOG,short_term_debt,balance_sheet,LongTermDebtCurrent,sec_companyfacts,17,1998000000.0,2026-03-31
CommA,Communication,GOOGL,short_term_debt,balance_sheet,LongTermDebtCurrent,sec_companyfacts,17,1998000000.0,2026-03-31
CommA,Communication,NFLX,short_term_debt,balance_sheet,ShortTermBorrowings,sec_companyfacts,21,999185000.0,2026-03-31
CommA,Communication,T,short_term_debt,balance_sheet,"DebtCurrent, LongTermDebtAndCapitalLeaseObligationsCurrent",sec_companyfacts,21,6818000000.0,2026-03-31
CommA,Communication,VZ,short_term_debt,balance_sheet,"LongTermDebtAndCapitalLeaseObligationsCurrent, LongTermDebtCurrent",sec_companyfacts,21,28229000000.0,2026-03-31
CommA,Communication,DIS,total_assets,balance_sheet,Assets,sec_companyfacts,23,205217000000.0,2026-03-28
CommA,Communication,GOOG,total_assets,balance_sheet,Assets,sec_companyfacts,21,703919000000.0,2026-03-31
CommA,Communication,GOOGL,total_assets,balance_sheet,Assets,sec_companyfacts,21,703919000000.0,2026-03-31
CommA,Communication,META,total_assets,balance_sheet,Assets,sec_companyfacts,21,395250000000.0,2026-03-31
CommA,Communication,NFLX,total_assets,balance_sheet,Assets,sec_companyfacts,21,61015914000.0,2026-03-31
CommA,Communication,T,total_assets,balance_sheet,Assets,sec_companyfacts,21,421188000000.0,2026-03-31
CommA,Communication,VZ,total_assets,balance_sheet,Assets,sec_companyfacts,21,417882000000.0,2026-03-31
CommA,Communication,DIS,total_equity,balance_sheet,StockholdersEquity,sec_companyfacts,23,108708000000.0,2026-03-28
CommA,Communication,GOOG,total_equity,balance_sheet,StockholdersEquity,sec_companyfacts,21,478746000000.0,2026-03-31
CommA,Communication,GOOGL,total_equity,balance_sheet,StockholdersEquity,sec_companyfacts,21,478746000000.0,2026-03-31
CommA,Communication,META,total_equity,balance_sheet,StockholdersEquity,sec_companyfacts,21,243681000000.0,2026-03-31
CommA,Communication,NFLX,total_equity,balance_sheet,StockholdersEquity,sec_companyfacts,21,31126399000.0,2026-03-31
CommA,Communication,T,total_equity,balance_sheet,StockholdersEquityIncludingPortionAttributableToNoncontrollingInterest,sec_companyfacts,21,125619000000.0,2026-03-31
CommA,Communication,VZ,total_equity,balance_sheet,StockholdersEquityIncludingPortionAttributableToNoncontrollingInterest,sec_companyfacts,21,104622000000.0,2026-03-31
DiscA,Consumer Discretionary,AMZN,capital_expenditure,cash_flow_statement,PaymentsToAcquireProductiveAssets,sec_companyfacts,21,44203000000.0,2026-03-31
DiscA,Consumer Discretionary,BKNG,capital_expenditure,cash_flow_statement,PaymentsToAcquirePropertyPlantAndEquipment,sec_companyfacts,21,107000000.0,2026-03-31
DiscA,Consumer Discretionary,HD,capital_expenditure,cash_flow_statement,PaymentsToAcquireProductiveAssets,sec_companyfacts,21,844000000.0,2026-05-03
DiscA,Consumer Discretionary,MCD,capital_expenditure,cash_flow_statement,PaymentsToAcquirePropertyPlantAndEquipment,sec_companyfacts,21,682000000.0,2026-03-31
DiscA,Consumer Discretionary,TJX,capital_expenditure,cash_flow_statement,PaymentsToAcquirePropertyPlantAndEquipment,sec_companyfacts,21,662000000.0,2026-05-02
DiscA,Consumer Discretionary,TSLA,capital_expenditure,cash_flow_statement,PaymentsToAcquirePropertyPlantAndEquipment,sec_companyfacts,21,2493000000.0,2026-03-31
DiscA,Consumer Discretionary,UBER,capital_expenditure,cash_flow_statement,PaymentsToAcquirePropertyPlantAndEquipment,sec_companyfacts,21,65000000.0,2026-03-31
DiscA,Consumer Discretionary,AMZN,cash_and_cash_equivalents,balance_sheet,CashAndCashEquivalentsAtCarryingValue,sec_companyfacts,21,101816000000.0,2026-03-31
DiscA,Consumer Discretionary,BKNG,cash_and_cash_equivalents,balance_sheet,CashAndCashEquivalentsAtCarryingValue,sec_companyfacts,21,16024000000.0,2026-03-31
DiscA,Consumer Discretionary,HD,cash_and_cash_equivalents,balance_sheet,CashAndCashEquivalentsAtCarryingValue,sec_companyfacts,21,1601000000.0,2026-05-03
DiscA,Consumer Discretionary,MCD,cash_and_cash_equivalents,balance_sheet,CashAndCashEquivalentsAtCarryingValue,sec_companyfacts,21,1170000000.0,2026-03-31
DiscA,Consumer Discretionary,TJX,cash_and_cash_equivalents,balance_sheet,CashAndCashEquivalentsAtCarryingValue,sec_companyfacts,21,5580000000.0,2026-05-02
DiscA,Consumer Discretionary,TSLA,cash_and_cash_equivalents,balance_sheet,CashAndCashEquivalentsAtCarryingValue,sec_companyfacts,21,16603000000.0,2026-03-31
DiscA,Consumer Discretionary,UBER,cash_and_cash_equivalents,balance_sheet,CashAndCashEquivalentsAtCarryingValue,sec_companyfacts,21,5558000000.0,2026-03-31
DiscA,Consumer Discretionary,AMZN,cost_of_revenue,income_statement,CostOfGoodsAndServicesSold,sec_companyfacts,21,87463000000.0,2026-03-31
DiscA,Consumer Discretionary,HD,cost_of_revenue,income_statement,CostOfRevenue,sec_companyfacts,21,27984000000.0,2026-05-03
DiscA,Consumer Discretionary,MCD,cost_of_revenue,income_statement,"CostOfGoodsAndServicesSold, Franchisedrestaurantsoccupancyexpenses",sec_companyfacts,21,676000000.0,2026-03-31
DiscA,Consumer Discretionary,TJX,cost_of_revenue,income_statement,CostOfGoodsAndServicesSold,sec_companyfacts,21,9843000000.0,2026-05-02
DiscA,Consumer Discretionary,TSLA,cost_of_revenue,income_statement,CostOfRevenue,sec_companyfacts,21,17667000000.0,2026-03-31
DiscA,Consumer Discretionary,UBER,cost_of_revenue,income_statement,CostOfGoodsAndServiceExcludingDepreciationDepletionAndAmortization,sec_companyfacts,21,7258000000.0,2026-03-31
DiscA,Consumer Discretionary,AMZN,gross_profit,income_statement,(calculated/none),calculated,21,94056000000.0,2026-03-31
DiscA,Consumer Discretionary,HD,gross_profit,income_statement,GrossProfit,sec_companyfacts,21,13781000000.0,2026-05-03
DiscA,Consumer Discretionary,MCD,gross_profit,income_statement,(calculated/none),calculated,21,5841000000.0,2026-03-31
DiscA,Consumer Discretionary,TJX,gross_profit,income_statement,(calculated/none),calculated,21,4480000000.0,2026-05-02
DiscA,Consumer Discretionary,TSLA,gross_profit,income_statement,GrossProfit,sec_companyfacts,21,4720000000.0,2026-03-31
DiscA,Consumer Discretionary,UBER,gross_profit,income_statement,(calculated/none),calculated,21,5945000000.0,2026-03-31
DiscA,Consumer Discretionary,AMZN,income_before_tax,income_statement,IncomeLossFromContinuingOperationsBeforeIncomeTaxesMinorityInterestAndIncomeLossFromEquityMethodInvestments,sec_companyfacts,21,39834000000.0,2026-03-31
DiscA,Consumer Discretionary,BKNG,income_before_tax,income_statement,"IncomeLossFromContinuingOperationsBeforeIncomeTaxesExtraordinaryItemsNoncontrollingInterest, IncomeLossFromContinuingOperationsBeforeIncomeTaxesMinorityInterestAndIncomeLossFromEquityMethodInvestments",sec_companyfacts,21,1399000000.0,2026-03-31
DiscA,Consumer Discretionary,HD,income_before_tax,income_statement,"IncomeLossFromContinuingOperationsBeforeIncomeTaxesExtraordinaryItemsNoncontrollingInterest, IncomeLossFromContinuingOperationsBeforeIncomeTaxesMinorityInterestAndIncomeLossFromEquityMethodInvestments",sec_companyfacts,21,4377000000.0,2026-05-03
DiscA,Consumer Discretionary,MCD,income_before_tax,income_statement,IncomeLossFromContinuingOperationsBeforeIncomeTaxes,ixbrl_dimensional,21,2542000000.0,2026-03-31
DiscA,Consumer Discretionary,TJX,income_before_tax,income_statement,IncomeLossFromContinuingOperationsBeforeIncomeTaxesExtraordinaryItemsNoncontrollingInterest,sec_companyfacts,21,1721000000.0,2026-05-02
DiscA,Consumer Discretionary,TSLA,income_before_tax,income_statement,IncomeLossFromContinuingOperationsBeforeIncomeTaxesExtraordinaryItemsNoncontrollingInterest,sec_companyfacts,21,748000000.0,2026-03-31
DiscA,Consumer Discretionary,UBER,income_before_tax,income_statement,IncomeLossFromContinuingOperationsBeforeIncomeTaxesMinorityInterestAndIncomeLossFromEquityMethodInvestments,sec_companyfacts,21,496000000.0,2026-03-31
DiscA,Consumer Discretionary,AMZN,income_tax,income_statement,IncomeTaxExpenseBenefit,sec_companyfacts,21,9560000000.0,2026-03-31
DiscA,Consumer Discretionary,BKNG,income_tax,income_statement,IncomeTaxExpenseBenefit,sec_companyfacts,21,316000000.0,2026-03-31
DiscA,Consumer Discretionary,HD,income_tax,income_statement,IncomeTaxExpenseBenefit,sec_companyfacts,21,1088000000.0,2026-05-03
DiscA,Consumer Discretionary,MCD,income_tax,income_statement,IncomeTaxExpenseBenefit,sec_companyfacts,21,559000000.0,2026-03-31
DiscA,Consumer Discretionary,TJX,income_tax,income_statement,IncomeTaxExpenseBenefit,sec_companyfacts,21,389000000.0,2026-05-02
DiscA,Consumer Discretionary,TSLA,income_tax,income_statement,IncomeTaxExpenseBenefit,sec_companyfacts,21,257000000.0,2026-03-31
DiscA,Consumer Discretionary,UBER,income_tax,income_statement,IncomeTaxExpenseBenefit,sec_companyfacts,21,194000000.0,2026-03-31
DiscA,Consumer Discretionary,AMZN,inventory,balance_sheet,InventoryNet,sec_companyfacts,21,36534000000.0,2026-03-31
DiscA,Consumer Discretionary,HD,inventory,balance_sheet,InventoryNet,sec_companyfacts,21,27280000000.0,2026-05-03
DiscA,Consumer Discretionary,MCD,inventory,balance_sheet,InventoryNet,sec_companyfacts,21,61000000.0,2026-03-31
DiscA,Consumer Discretionary,TJX,inventory,balance_sheet,InventoryNet,sec_companyfacts,21,7675000000.0,2026-05-02
DiscA,Consumer Discretionary,TSLA,inventory,balance_sheet,InventoryNet,sec_companyfacts,21,14434000000.0,2026-03-31
DiscA,Consumer Discretionary,AMZN,long_term_debt,balance_sheet,LongTermDebtNoncurrent,sec_companyfacts,21,119074000000.0,2026-03-31
DiscA,Consumer Discretionary,BKNG,long_term_debt,balance_sheet,LongTermDebtNoncurrent,sec_companyfacts,21,15398000000.0,2026-03-31
DiscA,Consumer Discretionary,HD,long_term_debt,balance_sheet,"LongTermDebt, LongTermDebtAndCapitalLeaseObligations",sec_companyfacts,21,44828000000.0,2026-05-03
DiscA,Consumer Discretionary,MCD,long_term_debt,balance_sheet,LongTermDebtNoncurrent,sec_companyfacts,21,40105000000.0,2026-03-31
DiscA,Consumer Discretionary,TJX,long_term_debt,balance_sheet,LongTermDebtNoncurrent,sec_companyfacts,21,1871000000.0,2026-05-02
DiscA,Consumer Discretionary,TSLA,long_term_debt,balance_sheet,LongTermDebt,sec_companyfacts,21,7645000000.0,2026-03-31
DiscA,Consumer Discretionary,UBER,long_term_debt,balance_sheet,LongTermDebtNoncurrent,sec_companyfacts,21,10514000000.0,2026-03-31
DiscA,Consumer Discretionary,AMZN,net_income,income_statement,NetIncomeLoss,sec_companyfacts,21,30255000000.0,2026-03-31
DiscA,Consumer Discretionary,BKNG,net_income,income_statement,NetIncomeLossAvailableToCommonStockholdersBasic,sec_companyfacts,21,1083000000.0,2026-03-31
DiscA,Consumer Discretionary,HD,net_income,income_statement,NetIncomeLoss,sec_companyfacts,21,3289000000.0,2026-05-03
DiscA,Consumer Discretionary,MCD,net_income,income_statement,NetIncomeLoss,sec_companyfacts,21,1983000000.0,2026-03-31
DiscA,Consumer Discretionary,TJX,net_income,income_statement,NetIncomeLoss,sec_companyfacts,21,1332000000.0,2026-05-02
DiscA,Consumer Discretionary,TSLA,net_income,income_statement,NetIncomeLoss,sec_companyfacts,21,477000000.0,2026-03-31
DiscA,Consumer Discretionary,UBER,net_income,income_statement,NetIncomeLoss,sec_companyfacts,21,263000000.0,2026-03-31
DiscA,Consumer Discretionary,AMZN,operating_cash_flow,cash_flow_statement,NetCashProvidedByUsedInOperatingActivities,sec_companyfacts,21,26032000000.0,2026-03-31
DiscA,Consumer Discretionary,BKNG,operating_cash_flow,cash_flow_statement,NetCashProvidedByUsedInOperatingActivities,sec_companyfacts,21,3215000000.0,2026-03-31
DiscA,Consumer Discretionary,HD,operating_cash_flow,cash_flow_statement,NetCashProvidedByUsedInOperatingActivities,sec_companyfacts,21,6032000000.0,2026-05-03
DiscA,Consumer Discretionary,MCD,operating_cash_flow,cash_flow_statement,NetCashProvidedByUsedInOperatingActivities,sec_companyfacts,21,2412000000.0,2026-03-31
DiscA,Consumer Discretionary,TJX,operating_cash_flow,cash_flow_statement,NetCashProvidedByUsedInOperatingActivities,sec_companyfacts,21,1119000000.0,2026-05-02
DiscA,Consumer Discretionary,TSLA,operating_cash_flow,cash_flow_statement,NetCashProvidedByUsedInOperatingActivities,sec_companyfacts,21,3937000000.0,2026-03-31
DiscA,Consumer Discretionary,UBER,operating_cash_flow,cash_flow_statement,NetCashProvidedByUsedInOperatingActivities,sec_companyfacts,21,2351000000.0,2026-03-31
DiscA,Consumer Discretionary,AMZN,operating_income,income_statement,OperatingIncomeLoss,sec_companyfacts,21,23852000000.0,2026-03-31
DiscA,Consumer Discretionary,BKNG,operating_income,income_statement,OperatingIncomeLoss,sec_companyfacts,21,1271000000.0,2026-03-31
DiscA,Consumer Discretionary,HD,operating_income,income_statement,OperatingIncomeLoss,sec_companyfacts,21,4981000000.0,2026-05-03
DiscA,Consumer Discretionary,MCD,operating_income,income_statement,OperatingIncomeLoss,sec_companyfacts,21,2953000000.0,2026-03-31
DiscA,Consumer Discretionary,TJX,operating_income,income_statement,OperatingIncomeLoss,ixbrl_dimensional,21,1269000000.0,2026-05-02
DiscA,Consumer Discretionary,TSLA,operating_income,income_statement,OperatingIncomeLoss,sec_companyfacts,21,941000000.0,2026-03-31
DiscA,Consumer Discretionary,UBER,operating_income,income_statement,OperatingIncomeLoss,sec_companyfacts,21,1923000000.0,2026-03-31
DiscA,Consumer Discretionary,AMZN,research_and_development,income_statement,"TechnologyAndContentExpense, TechnologyAndInfrastructureExpense",ixbrl_dimensional,21,29567000000.0,2026-03-31
DiscA,Consumer Discretionary,TSLA,research_and_development,income_statement,ResearchAndDevelopmentExpense,sec_companyfacts,21,1946000000.0,2026-03-31
DiscA,Consumer Discretionary,UBER,research_and_development,income_statement,ResearchAndDevelopmentExpense,sec_companyfacts,21,951000000.0,2026-03-31
DiscA,Consumer Discretionary,AMZN,revenue,income_statement,RevenueFromContractWithCustomerExcludingAssessedTax,sec_companyfacts,21,181519000000.0,2026-03-31
DiscA,Consumer Discretionary,BKNG,revenue,income_statement,Revenues,sec_companyfacts,21,5532000000.0,2026-03-31
DiscA,Consumer Discretionary,HD,revenue,income_statement,RevenueFromContractWithCustomerExcludingAssessedTax,sec_companyfacts,21,41765000000.0,2026-05-03
DiscA,Consumer Discretionary,MCD,revenue,income_statement,Revenues,sec_companyfacts,21,6517000000.0,2026-03-31
DiscA,Consumer Discretionary,TJX,revenue,income_statement,RevenueFromContractWithCustomerIncludingAssessedTax,sec_companyfacts,21,14323000000.0,2026-05-02
DiscA,Consumer Discretionary,TSLA,revenue,income_statement,Revenues,sec_companyfacts,21,22387000000.0,2026-03-31
DiscA,Consumer Discretionary,UBER,revenue,income_statement,Revenues,sec_companyfacts,21,13203000000.0,2026-03-31
DiscA,Consumer Discretionary,AMZN,short_term_debt,balance_sheet,LongTermDebtCurrent,sec_companyfacts,21,2832000000.0,2026-03-31
DiscA,Consumer Discretionary,BKNG,short_term_debt,balance_sheet,LongTermDebtCurrent,sec_companyfacts,21,3015000000.0,2026-03-31
DiscA,Consumer Discretionary,HD,short_term_debt,balance_sheet,LongTermDebtAndCapitalLeaseObligationsCurrent,sec_companyfacts,21,5178000000.0,2026-05-03
DiscA,Consumer Discretionary,MCD,short_term_debt,balance_sheet,"DebtCurrent, LongTermDebtCurrent, ShortTermBorrowings",sec_companyfacts,14,725000000.0,2025-12-31
DiscA,Consumer Discretionary,TJX,short_term_debt,balance_sheet,LongTermDebtCurrent,sec_companyfacts,15,999000000.0,2026-05-02
DiscA,Consumer Discretionary,TSLA,short_term_debt,balance_sheet,DebtCurrent,sec_companyfacts,21,1374000000.0,2026-03-31
DiscA,Consumer Discretionary,UBER,short_term_debt,balance_sheet,LongTermDebtCurrent,sec_companyfacts,20,0.0,2025-12-31
DiscA,Consumer Discretionary,AMZN,total_assets,balance_sheet,Assets,sec_companyfacts,21,916630000000.0,2026-03-31
DiscA,Consumer Discretionary,BKNG,total_assets,balance_sheet,Assets,sec_companyfacts,21,27720000000.0,2026-03-31
DiscA,Consumer Discretionary,HD,total_assets,balance_sheet,Assets,sec_companyfacts,21,107904000000.0,2026-05-03
DiscA,Consumer Discretionary,MCD,total_assets,balance_sheet,Assets,sec_companyfacts,21,60037000000.0,2026-03-31
DiscA,Consumer Discretionary,TJX,total_assets,balance_sheet,Assets,sec_companyfacts,21,36158000000.0,2026-05-02
DiscA,Consumer Discretionary,TSLA,total_assets,balance_sheet,Assets,sec_companyfacts,21,143724000000.0,2026-03-31
DiscA,Consumer Discretionary,UBER,total_assets,balance_sheet,Assets,sec_companyfacts,21,59885000000.0,2026-03-31
DiscA,Consumer Discretionary,AMZN,total_equity,balance_sheet,StockholdersEquity,sec_companyfacts,21,441914000000.0,2026-03-31
DiscA,Consumer Discretionary,BKNG,total_equity,balance_sheet,StockholdersEquity,sec_companyfacts,21,-8724000000.0,2026-03-31
DiscA,Consumer Discretionary,HD,total_equity,balance_sheet,StockholdersEquity,sec_companyfacts,21,13874000000.0,2026-05-03
DiscA,Consumer Discretionary,MCD,total_equity,balance_sheet,StockholdersEquity,sec_companyfacts,21,-1286000000.0,2026-03-31
DiscA,Consumer Discretionary,TJX,total_equity,balance_sheet,StockholdersEquity,sec_companyfacts,21,10403000000.0,2026-05-02
DiscA,Consumer Discretionary,TSLA,total_equity,balance_sheet,StockholdersEquity,sec_companyfacts,21,84116000000.0,2026-03-31
DiscA,Consumer Discretionary,UBER,total_equity,balance_sheet,StockholdersEquity,sec_companyfacts,21,24751000000.0,2026-03-31
EnergyA,"Energy, Materials & Utilities",CVX,capital_expenditure,cash_flow_statement,PaymentsToAcquireProductiveAssets,sec_companyfacts,21,4063000000.0,2026-03-31
EnergyA,"Energy, Materials & Utilities",LIN,capital_expenditure,cash_flow_statement,PaymentsToAcquirePropertyPlantAndEquipment,sec_companyfacts,21,1342000000.0,2026-03-31
EnergyA,"Energy, Materials & Utilities",XOM,capital_expenditure,cash_flow_statement,PaymentsToAcquirePropertyPlantAndEquipment,sec_companyfacts,21,6470000000.0,2026-03-31
EnergyA,"Energy, Materials & Utilities",CVX,cash_and_cash_equivalents,balance_sheet,"CashAndCashEquivalentsAtCarryingValue, CashCashEquivalentsRestrictedCashAndRestrictedCashEquivalents",sec_companyfacts,21,6316000000.0,2026-03-31
EnergyA,"Energy, Materials & Utilities",LIN,cash_and_cash_equivalents,balance_sheet,CashAndCashEquivalentsAtCarryingValue,sec_companyfacts,21,3959000000.0,2026-03-31
EnergyA,"Energy, Materials & Utilities",XOM,cash_and_cash_equivalents,balance_sheet,CashAndCashEquivalentsAtCarryingValue,sec_companyfacts,21,8435000000.0,2026-03-31
EnergyA,"Energy, Materials & Utilities",CVX,cost_of_revenue,income_statement,CostOfGoodsAndServicesSold,ixbrl_dimensional,21,28265000000.0,2026-03-31
EnergyA,"Energy, Materials & Utilities",XOM,cost_of_revenue,income_statement,CrudeOilAndProductPurchases,ixbrl_dimensional,21,51802000000.0,2026-03-31
EnergyA,"Energy, Materials & Utilities",CVX,depr_amo,income_statement,DepreciationDepletionAndAmortization,ixbrl_dimensional,21,5808000000.0,2026-03-31
EnergyA,"Energy, Materials & Utilities",XOM,depr_amo,income_statement,DepreciationDepletionAndAmortization,ixbrl_dimensional,21,6771000000.0,2026-03-31
EnergyA,"Energy, Materials & Utilities",CVX,exploration_expense,income_statement,ExplorationExpense,ixbrl_dimensional,21,205000000.0,2026-03-31
EnergyA,"Energy, Materials & Utilities",XOM,exploration_expense,income_statement,ExplorationExpense,ixbrl_dimensional,21,126000000.0,2026-03-31
EnergyA,"Energy, Materials & Utilities",CVX,income_before_tax,income_statement,IncomeLossFromContinuingOperationsBeforeIncomeTaxesMinorityInterestAndIncomeLossFromEquityMethodInvestments,sec_companyfacts,21,3946000000.0,2026-03-31
EnergyA,"Energy, Materials & Utilities",LIN,income_before_tax,income_statement,IncomeLossFromContinuingOperationsBeforeIncomeTaxesMinorityInterestAndIncomeLossFromEquityMethodInvestments,sec_companyfacts,21,2431000000.0,2026-03-31
EnergyA,"Energy, Materials & Utilities",XOM,income_before_tax,income_statement,IncomeLossFromContinuingOperationsBeforeIncomeTaxesExtraordinaryItemsNoncontrollingInterest,sec_companyfacts,21,6967000000.0,2026-03-31
EnergyA,"Energy, Materials & Utilities",CVX,income_tax,income_statement,IncomeTaxExpenseBenefit,sec_companyfacts,21,1653000000.0,2026-03-31
EnergyA,"Energy, Materials & Utilities",LIN,income_tax,income_statement,IncomeTaxExpenseBenefit,sec_companyfacts,21,571000000.0,2026-03-31
EnergyA,"Energy, Materials & Utilities",XOM,income_tax,income_statement,IncomeTaxExpenseBenefit,sec_companyfacts,21,2495000000.0,2026-03-31
EnergyA,"Energy, Materials & Utilities",CVX,long_term_debt,balance_sheet,"LongTermDebtAndCapitalLeaseObligations, LongTermDebtAndCapitalLeaseObligationsIncludingCurrentMaturities",sec_companyfacts,21,39600000000.0,2026-03-31
EnergyA,"Energy, Materials & Utilities",LIN,long_term_debt,balance_sheet,"LongTermDebtAndCapitalLeaseObligations, LongTermDebtNoncurrent",sec_companyfacts,21,19859000000.0,2026-03-31
EnergyA,"Energy, Materials & Utilities",XOM,long_term_debt,balance_sheet,LongTermDebtAndCapitalLeaseObligations,sec_companyfacts,21,33130000000.0,2026-03-31
EnergyA,"Energy, Materials & Utilities",CVX,net_income,income_statement,NetIncomeLoss,sec_companyfacts,21,2210000000.0,2026-03-31
EnergyA,"Energy, Materials & Utilities",LIN,net_income,income_statement,NetIncomeLoss,sec_companyfacts,21,1857000000.0,2026-03-31
EnergyA,"Energy, Materials & Utilities",XOM,net_income,income_statement,NetIncomeLoss,sec_companyfacts,21,4183000000.0,2026-03-31
EnergyA,"Energy, Materials & Utilities",CVX,operating_cash_flow,cash_flow_statement,NetCashProvidedByUsedInOperatingActivities,sec_companyfacts,21,2514000000.0,2026-03-31
EnergyA,"Energy, Materials & Utilities",LIN,operating_cash_flow,cash_flow_statement,"NetCashProvidedByUsedInOperatingActivities, NetCashProvidedByUsedInOperatingActivitiesContinuingOperations",sec_companyfacts,21,2240000000.0,2026-03-31
EnergyA,"Energy, Materials & Utilities",XOM,operating_cash_flow,cash_flow_statement,NetCashProvidedByUsedInOperatingActivities,sec_companyfacts,21,8705000000.0,2026-03-31
EnergyA,"Energy, Materials & Utilities",CVX,operating_expense,income_statement,OperatingCostsAndExpenses,ixbrl_dimensional,21,7676000000.0,2026-03-31
EnergyA,"Energy, Materials & Utilities",XOM,operating_expense,income_statement,ProductionAndManufacturingExpenses,ixbrl_dimensional,21,10695000000.0,2026-03-31
EnergyA,"Energy, Materials & Utilities",CVX,operating_income,income_statement,(calculated/none),calculated,21,4273000000.0,2026-03-31
EnergyA,"Energy, Materials & Utilities",LIN,operating_income,income_statement,OperatingIncomeLoss,sec_companyfacts,21,2439000000.0,2026-03-31
EnergyA,"Energy, Materials & Utilities",XOM,operating_income,income_statement,(calculated/none),calculated,21,7324000000.0,2026-03-31
EnergyA,"Energy, Materials & Utilities",CVX,research_and_development,income_statement,ResearchAndDevelopmentExpense,sec_companyfacts,5,427000000.0,2025-12-31
EnergyA,"Energy, Materials & Utilities",LIN,research_and_development,income_statement,ResearchAndDevelopmentExpense,sec_companyfacts,21,38000000.0,2026-03-31
EnergyA,"Energy, Materials & Utilities",XOM,research_and_development,income_statement,ResearchAndDevelopmentExpense,sec_companyfacts,5,1200000000.0,2025-12-31
EnergyA,"Energy, Materials & Utilities",CVX,revenue,income_statement,Revenues,sec_companyfacts,21,48607000000.0,2026-03-31
EnergyA,"Energy, Materials & Utilities",LIN,revenue,income_statement,RevenueFromContractWithCustomerExcludingAssessedTax,sec_companyfacts,21,8781000000.0,2026-03-31
EnergyA,"Energy, Materials & Utilities",XOM,revenue,income_statement,Revenues,sec_companyfacts,21,85138000000.0,2026-03-31
EnergyA,"Energy, Materials & Utilities",CVX,selling_general,income_statement,SellingGeneralAndAdministrativeExpense,ixbrl_dimensional,21,1066000000.0,2026-03-31
EnergyA,"Energy, Materials & Utilities",XOM,selling_general,income_statement,SellingGeneralAndAdministrativeExpense,ixbrl_dimensional,21,2684000000.0,2026-03-31
EnergyA,"Energy, Materials & Utilities",CVX,short_term_debt,balance_sheet,"DebtCurrent, ShortTermBorrowings",sec_companyfacts,21,5828000000.0,2026-03-31
EnergyA,"Energy, Materials & Utilities",LIN,short_term_debt,balance_sheet,ShortTermBorrowings,sec_companyfacts,21,4822000000.0,2026-03-31
EnergyA,"Energy, Materials & Utilities",XOM,short_term_debt,balance_sheet,DebtCurrent,sec_companyfacts,21,14531000000.0,2026-03-31
EnergyA,"Energy, Materials & Utilities",CVX,taxes,income_statement,TaxesOther,ixbrl_dimensional,21,1314000000.0,2026-03-31
EnergyA,"Energy, Materials & Utilities",XOM,taxes,income_statement,TaxesOther,ixbrl_dimensional,21,5736000000.0,2026-03-31
EnergyA,"Energy, Materials & Utilities",CVX,total_assets,balance_sheet,Assets,sec_companyfacts,21,329551000000.0,2026-03-31
EnergyA,"Energy, Materials & Utilities",LIN,total_assets,balance_sheet,Assets,sec_companyfacts,21,86315000000.0,2026-03-31
EnergyA,"Energy, Materials & Utilities",XOM,total_assets,balance_sheet,Assets,sec_companyfacts,21,464410000000.0,2026-03-31
EnergyA,"Energy, Materials & Utilities",CVX,total_equity,balance_sheet,StockholdersEquity,sec_companyfacts,21,183715000000.0,2026-03-31
EnergyA,"Energy, Materials & Utilities",LIN,total_equity,balance_sheet,StockholdersEquity,sec_companyfacts,21,38566000000.0,2026-03-31
EnergyA,"Energy, Materials & Utilities",XOM,total_equity,balance_sheet,StockholdersEquity,sec_companyfacts,21,254381000000.0,2026-03-31
EnergyB,"Energy, Materials & Utilities",NEE,capital_expenditure,cash_flow_statement,"CapitalExpendituresOfFPL, CapitalExpendituresOfFPLSegment",ixbrl_dimensional,21,3046000000.0,2026-03-31
EnergyB,"Energy, Materials & Utilities",NEE,cash_and_cash_equivalents,balance_sheet,CashAndCashEquivalentsAtCarryingValue,sec_companyfacts,21,1998000000.0,2026-03-31
EnergyB,"Energy, Materials & Utilities",NEE,commercial_paper,cash_flow_statement,CommercialPaper,ixbrl_dimensional,21,5360000000.0,2026-03-31
EnergyB,"Energy, Materials & Utilities",NEE,current_debt,cash_flow_statement,LongTermDebtCurrent,ixbrl_dimensional,21,3837000000.0,2026-03-31
EnergyB,"Energy, Materials & Utilities",NEE,income_before_tax,income_statement,IncomeLossFromContinuingOperationsBeforeIncomeTaxesExtraordinaryItemsNoncontrollingInterest,sec_companyfacts,21,1199000000.0,2026-03-31
EnergyB,"Energy, Materials & Utilities",NEE,income_tax,income_statement,IncomeTaxExpenseBenefit,sec_companyfacts,21,-489000000.0,2026-03-31
EnergyB,"Energy, Materials & Utilities",NEE,long_term_debt,balance_sheet,LongTermDebtNoncurrent,sec_companyfacts,21,93948000000.0,2026-03-31
EnergyB,"Energy, Materials & Utilities",NEE,net_income,income_statement,NetIncomeLoss,sec_companyfacts,21,2182000000.0,2026-03-31
EnergyB,"Energy, Materials & Utilities",NEE,operating_cash_flow,cash_flow_statement,NetCashProvidedByUsedInOperatingActivities,sec_companyfacts,21,2614000000.0,2026-03-31
EnergyB,"Energy, Materials & Utilities",NEE,operating_income,income_statement,OperatingIncomeLoss,sec_companyfacts,21,2208000000.0,2026-03-31
EnergyB,"Energy, Materials & Utilities",NEE,other_short_term,cash_flow_statement,OtherShortTermBorrowings,ixbrl_dimensional,21,1258000000.0,2026-03-31
EnergyB,"Energy, Materials & Utilities",NEE,revenue,income_statement,RevenueFromContractWithCustomerIncludingAssessedTax,sec_companyfacts,21,6100000000.0,2026-03-31
EnergyB,"Energy, Materials & Utilities",NEE,short_term_debt,balance_sheet,(calculated/none),calculated,21,10455000000.0,2026-03-31
EnergyB,"Energy, Materials & Utilities",NEE,total_assets,balance_sheet,Assets,sec_companyfacts,21,221424000000.0,2026-03-31
EnergyB,"Energy, Materials & Utilities",NEE,total_equity,balance_sheet,StockholdersEquity,sec_companyfacts,21,55222000000.0,2026-03-31
FinA,Financial Services,BLK,capital_expenditure,cash_flow_statement,PaymentsToAcquirePropertyPlantAndEquipment,sec_companyfacts,21,106000000.0,2026-03-31
FinA,Financial Services,BRK-B,capital_expenditure,cash_flow_statement,PaymentsToAcquirePropertyPlantAndEquipment,sec_companyfacts,21,4986000000.0,2026-03-31
FinA,Financial Services,MA,capital_expenditure,cash_flow_statement,PaymentsToAcquirePropertyPlantAndEquipment,sec_companyfacts,21,154000000.0,2026-03-31
FinA,Financial Services,SPGI,capital_expenditure,cash_flow_statement,PaymentsToAcquireProductiveAssets,ixbrl_dimensional,21,27000000.0,2026-03-31
FinA,Financial Services,V,capital_expenditure,cash_flow_statement,PaymentsToAcquireProductiveAssets,sec_companyfacts,22,383000000.0,2026-03-31
FinA,Financial Services,BLK,cash_and_cash_equivalents,balance_sheet,CashAndCashEquivalentsAtCarryingValue,sec_companyfacts,21,9841000000.0,2026-03-31
FinA,Financial Services,BRK-B,cash_and_cash_equivalents,balance_sheet,CashAndCashEquivalentsAtCarryingValue,ixbrl_dimensional,21,51478000000.0,2026-03-31
FinA,Financial Services,MA,cash_and_cash_equivalents,balance_sheet,CashAndCashEquivalentsAtCarryingValue,sec_companyfacts,21,7906000000.0,2026-03-31
FinA,Financial Services,SPGI,cash_and_cash_equivalents,balance_sheet,CashAndCashEquivalentsAtCarryingValue,sec_companyfacts,21,1810000000.0,2026-03-31
FinA,Financial Services,V,cash_and_cash_equivalents,balance_sheet,CashAndCashEquivalentsAtCarryingValue,sec_companyfacts,22,12404000000.0,2026-03-31
FinA,Financial Services,BLK,income_before_tax,income_statement,IncomeLossFromContinuingOperationsBeforeIncomeTaxesExtraordinaryItemsNoncontrollingInterest,sec_companyfacts,21,2842000000.0,2026-03-31
FinA,Financial Services,BRK-B,income_before_tax,income_statement,IncomeLossFromContinuingOperationsBeforeIncomeTaxesExtraordinaryItemsNoncontrollingInterest,sec_companyfacts,21,12319000000.0,2026-03-31
FinA,Financial Services,MA,income_before_tax,income_statement,"IncomeLossFromContinuingOperationsBeforeIncomeTaxesExtraordinaryItemsNoncontrollingInterest, IncomeLossFromContinuingOperationsBeforeIncomeTaxesMinorityInterestAndIncomeLossFromEquityMethodInvestments",sec_companyfacts,21,4812000000.0,2026-03-31
FinA,Financial Services,SPGI,income_before_tax,income_statement,IncomeLossFromContinuingOperationsBeforeIncomeTaxesExtraordinaryItemsNoncontrollingInterest,sec_companyfacts,21,1908000000.0,2026-03-31
FinA,Financial Services,V,income_before_tax,income_statement,"IncomeLossFromContinuingOperationsBeforeIncomeTaxesExtraordinaryItemsNoncontrollingInterest, IncomeLossFromContinuingOperationsBeforeIncomeTaxesMinorityInterestAndIncomeLossFromEquityMethodInvestments",sec_companyfacts,22,7174000000.0,2026-03-31
FinA,Financial Services,BLK,income_tax,income_statement,IncomeTaxExpenseBenefit,sec_companyfacts,21,516000000.0,2026-03-31
FinA,Financial Services,BRK-B,income_tax,income_statement,IncomeTaxExpenseBenefit,sec_companyfacts,21,2140000000.0,2026-03-31
FinA,Financial Services,MA,income_tax,income_statement,IncomeTaxExpenseBenefit,sec_companyfacts,21,930000000.0,2026-03-31
FinA,Financial Services,SPGI,income_tax,income_statement,IncomeTaxExpenseBenefit,sec_companyfacts,21,404000000.0,2026-03-31
FinA,Financial Services,V,income_tax,income_statement,IncomeTaxExpenseBenefit,sec_companyfacts,22,1153000000.0,2026-03-31
FinA,Financial Services,BLK,long_term_debt,balance_sheet,LongTermDebt,sec_companyfacts,21,12749000000.0,2026-03-31
FinA,Financial Services,BRK-B,long_term_debt,balance_sheet,DebtAndCapitalLeaseObligations,ixbrl_dimensional,21,86051000000.0,2026-03-31
FinA,Financial Services,MA,long_term_debt,balance_sheet,LongTermDebtNoncurrent,sec_companyfacts,21,17212000000.0,2026-03-31
FinA,Financial Services,SPGI,long_term_debt,balance_sheet,LongTermDebtNoncurrent,sec_companyfacts,21,10621000000.0,2026-03-31
FinA,Financial Services,V,long_term_debt,balance_sheet,LongTermDebtNoncurrent,sec_companyfacts,22,22417000000.0,2026-03-31
FinA,Financial Services,BLK,net_income,income_statement,NetIncomeLoss,sec_companyfacts,21,2212000000.0,2026-03-31
FinA,Financial Services,BRK-B,net_income,income_statement,NetIncomeLoss,sec_companyfacts,21,10106000000.0,2026-03-31
FinA,Financial Services,MA,net_income,income_statement,ProfitLoss,sec_companyfacts,21,3882000000.0,2026-03-31
FinA,Financial Services,SPGI,net_income,income_statement,"NetIncomeLoss, ProfitLoss",sec_companyfacts,21,1395000000.0,2026-03-31
FinA,Financial Services,V,net_income,income_statement,NetIncomeLoss,sec_companyfacts,22,6021000000.0,2026-03-31
FinA,Financial Services,BLK,operating_cash_flow,cash_flow_statement,NetCashProvidedByUsedInOperatingActivities,sec_companyfacts,21,-980000000.0,2026-03-31
FinA,Financial Services,BRK-B,operating_cash_flow,cash_flow_statement,NetCashProvidedByUsedInOperatingActivities,sec_companyfacts,21,10438000000.0,2026-03-31
FinA,Financial Services,MA,operating_cash_flow,cash_flow_statement,NetCashProvidedByUsedInOperatingActivities,sec_companyfacts,21,2999000000.0,2026-03-31
FinA,Financial Services,SPGI,operating_cash_flow,cash_flow_statement,NetCashProvidedByUsedInOperatingActivities,sec_companyfacts,21,1037000000.0,2026-03-31
FinA,Financial Services,V,operating_cash_flow,cash_flow_statement,NetCashProvidedByUsedInOperatingActivities,sec_companyfacts,22,3008000000.0,2026-03-31
FinA,Financial Services,BLK,operating_income,income_statement,OperatingIncomeLoss,sec_companyfacts,21,2814000000.0,2026-03-31
FinA,Financial Services,MA,operating_income,income_statement,OperatingIncomeLoss,sec_companyfacts,21,4907000000.0,2026-03-31
FinA,Financial Services,SPGI,operating_income,income_statement,OperatingIncomeLoss,sec_companyfacts,21,2002000000.0,2026-03-31
FinA,Financial Services,V,operating_income,income_statement,OperatingIncomeLoss,sec_companyfacts,22,7234000000.0,2026-03-31
FinA,Financial Services,BLK,revenue,income_statement,RevenueFromContractWithCustomerExcludingAssessedTax,sec_companyfacts,21,6698000000.0,2026-03-31
FinA,Financial Services,BRK-B,revenue,income_statement,RevenueFromContractWithCustomerExcludingAssessedTax,sec_companyfacts,21,63137000000.0,2026-03-31
FinA,Financial Services,MA,revenue,income_statement,"RevenueFromContractWithCustomerExcludingAssessedTax, Revenues",sec_companyfacts,21,8398000000.0,2026-03-31
FinA,Financial Services,SPGI,revenue,income_statement,RevenueFromContractWithCustomerExcludingAssessedTax,sec_companyfacts,21,4171000000.0,2026-03-31
FinA,Financial Services,V,revenue,income_statement,RevenueFromContractWithCustomerExcludingAssessedTax,sec_companyfacts,22,11230000000.0,2026-03-31
FinA,Financial Services,BRK-B,short_term_debt,balance_sheet,DebtAndCapitalLeaseObligations,ixbrl_dimensional,21,42835000000.0,2026-03-31
FinA,Financial Services,MA,short_term_debt,balance_sheet,LongTermDebtCurrent,sec_companyfacts,21,1748000000.0,2026-03-31
FinA,Financial Services,SPGI,short_term_debt,balance_sheet,DebtCurrent,ixbrl_dimensional,17,2697000000.0,2026-03-31
FinA,Financial Services,V,short_term_debt,balance_sheet,LongTermDebtCurrent,sec_companyfacts,22,1559000000.0,2026-03-31
FinA,Financial Services,BLK,total_assets,balance_sheet,Assets,sec_companyfacts,21,170237000000.0,2026-03-31
FinA,Financial Services,BRK-B,total_assets,balance_sheet,Assets,sec_companyfacts,21,1252271000000.0,2026-03-31
FinA,Financial Services,MA,total_assets,balance_sheet,Assets,sec_companyfacts,21,52449000000.0,2026-03-31
FinA,Financial Services,SPGI,total_assets,balance_sheet,Assets,sec_companyfacts,21,60792000000.0,2026-03-31
FinA,Financial Services,V,total_assets,balance_sheet,Assets,sec_companyfacts,22,95049000000.0,2026-03-31
FinA,Financial Services,BLK,total_equity,balance_sheet,StockholdersEquityIncludingPortionAttributableToNoncontrollingInterest,sec_companyfacts,21,56905000000.0,2026-03-31
FinA,Financial Services,BRK-B,total_equity,balance_sheet,StockholdersEquityIncludingPortionAttributableToNoncontrollingInterest,sec_companyfacts,21,729450000000.0,2026-03-31
FinA,Financial Services,MA,total_equity,balance_sheet,StockholdersEquityIncludingPortionAttributableToNoncontrollingInterest,sec_companyfacts,21,6722000000.0,2026-03-31
FinA,Financial Services,SPGI,total_equity,balance_sheet,StockholdersEquityIncludingPortionAttributableToNoncontrollingInterest,sec_companyfacts,21,31288000000.0,2026-03-31
FinA,Financial Services,V,total_equity,balance_sheet,StockholdersEquityIncludingPortionAttributableToNoncontrollingInterest,sec_companyfacts,22,35661000000.0,2026-03-31
HealthA,Healthcare,ABBV,capital_expenditure,cash_flow_statement,PaymentsToAcquirePropertyPlantAndEquipment,sec_companyfacts,21,265000000.0,2026-03-31
HealthA,Healthcare,ABT,capital_expenditure,cash_flow_statement,PaymentsToAcquirePropertyPlantAndEquipment,sec_companyfacts,21,399000000.0,2026-03-31
HealthA,Healthcare,AMGN,capital_expenditure,cash_flow_statement,PaymentsToAcquirePropertyPlantAndEquipment,sec_companyfacts,21,712000000.0,2026-03-31
HealthA,Healthcare,ISRG,capital_expenditure,cash_flow_statement,PaymentsToAcquireProductiveAssets,sec_companyfacts,21,103300000.0,2026-03-31
HealthA,Healthcare,JNJ,capital_expenditure,cash_flow_statement,PaymentsToAcquirePropertyPlantAndEquipment,sec_companyfacts,22,1049000000.0,2026-03-29
HealthA,Healthcare,LLY,capital_expenditure,cash_flow_statement,"PaymentsToAcquireOtherPropertyPlantAndEquipment, PaymentsToAcquireProductiveAssets",sec_companyfacts,21,2326000000.0,2026-03-31
HealthA,Healthcare,MRK,capital_expenditure,cash_flow_statement,"PaymentsToAcquireProductiveAssets, PaymentsToAcquirePropertyPlantAndEquipment",sec_companyfacts,21,991000000.0,2026-03-31
HealthA,Healthcare,TMO,capital_expenditure,cash_flow_statement,PaymentsToAcquirePropertyPlantAndEquipment,sec_companyfacts,21,376000000.0,2026-03-28
HealthA,Healthcare,UNH,capital_expenditure,cash_flow_statement,PaymentsToAcquirePropertyPlantAndEquipment,sec_companyfacts,21,763000000.0,2026-03-31
HealthA,Healthcare,ABBV,cash_and_cash_equivalents,balance_sheet,CashAndCashEquivalentsAtCarryingValue,sec_companyfacts,21,9391000000.0,2026-03-31
HealthA,Healthcare,ABT,cash_and_cash_equivalents,balance_sheet,CashAndCashEquivalentsAtCarryingValue,sec_companyfacts,21,6803000000.0,2026-03-31
HealthA,Healthcare,AMGN,cash_and_cash_equivalents,balance_sheet,CashAndCashEquivalentsAtCarryingValue,sec_companyfacts,21,12038000000.0,2026-03-31
HealthA,Healthcare,ISRG,cash_and_cash_equivalents,balance_sheet,CashAndCashEquivalentsAtCarryingValue,sec_companyfacts,21,2006500000.0,2026-03-31
HealthA,Healthcare,JNJ,cash_and_cash_equivalents,balance_sheet,CashAndCashEquivalentsAtCarryingValue,sec_companyfacts,22,21688000000.0,2026-03-29
HealthA,Healthcare,LLY,cash_and_cash_equivalents,balance_sheet,CashAndCashEquivalentsAtCarryingValue,sec_companyfacts,21,5282000000.0,2026-03-31
HealthA,Healthcare,MRK,cash_and_cash_equivalents,balance_sheet,CashAndCashEquivalentsAtCarryingValue,sec_companyfacts,21,5327000000.0,2026-03-31
HealthA,Healthcare,TMO,cash_and_cash_equivalents,balance_sheet,CashAndCashEquivalentsAtCarryingValue,sec_companyfacts,21,3254000000.0,2026-03-28
HealthA,Healthcare,UNH,cash_and_cash_equivalents,balance_sheet,CashAndCashEquivalentsAtCarryingValue,sec_companyfacts,21,28001000000.0,2026-03-31
HealthA,Healthcare,TMO,cost_of_product,income_statement,CostOfGoodsAndServicesSold,ixbrl_dimensional,21,3261000000.0,2026-03-28
HealthA,Healthcare,ABBV,cost_of_revenue,income_statement,CostOfGoodsAndServicesSold,sec_companyfacts,21,4218000000.0,2026-03-31
HealthA,Healthcare,ABT,cost_of_revenue,income_statement,CostOfGoodsAndServicesSold,sec_companyfacts,21,4890000000.0,2026-03-31
HealthA,Healthcare,AMGN,cost_of_revenue,income_statement,CostOfGoodsAndServicesSold,sec_companyfacts,21,2744000000.0,2026-03-31
HealthA,Healthcare,ISRG,cost_of_revenue,income_statement,CostOfGoodsAndServicesSold,sec_companyfacts,21,940300000.0,2026-03-31
HealthA,Healthcare,JNJ,cost_of_revenue,income_statement,CostOfGoodsAndServicesSold,sec_companyfacts,22,8106000000.0,2026-03-29
HealthA,Healthcare,LLY,cost_of_revenue,income_statement,CostOfGoodsAndServicesSold,sec_companyfacts,21,3577000000.0,2026-03-31
HealthA,Healthcare,MRK,cost_of_revenue,income_statement,CostOfGoodsAndServicesSold,sec_companyfacts,21,4195000000.0,2026-03-31
HealthA,Healthcare,TMO,cost_of_revenue,income_statement,(calculated/none),calculated,21,6575000000.0,2026-03-28
HealthA,Healthcare,UNH,cost_of_revenue,income_statement,CostOfGoodsAndServicesSold,sec_companyfacts,21,12823000000.0,2026-03-31
HealthA,Healthcare,TMO,cost_of_service,income_statement,CostOfGoodsAndServicesSold,ixbrl_dimensional,21,3314000000.0,2026-03-28
HealthA,Healthcare,ABBV,gross_profit,income_statement,GrossProfit,calculated,21,10784000000.0,2026-03-31
HealthA,Healthcare,ABT,gross_profit,income_statement,(calculated/none),calculated,21,6274000000.0,2026-03-31
HealthA,Healthcare,AMGN,gross_profit,income_statement,(calculated/none),calculated,21,5874000000.0,2026-03-31
HealthA,Healthcare,ISRG,gross_profit,income_statement,GrossProfit,sec_companyfacts,21,1830500000.0,2026-03-31
HealthA,Healthcare,JNJ,gross_profit,income_statement,GrossProfit,sec_companyfacts,22,15956000000.0,2026-03-29
HealthA,Healthcare,LLY,gross_profit,income_statement,(calculated/none),calculated,21,16222000000.0,2026-03-31
HealthA,Healthcare,MRK,gross_profit,income_statement,(calculated/none),calculated,21,12091000000.0,2026-03-31
HealthA,Healthcare,TMO,gross_profit,income_statement,(calculated/none),calculated,21,4430000000.0,2026-03-28
HealthA,Healthcare,UNH,gross_profit,income_statement,(calculated/none),calculated,21,98898000000.0,2026-03-31
HealthA,Healthcare,JNJ,impairment,income_statement,"ResearchAndDevelopmentInProcess, ResearchAndDevelopmentInProcess1",ixbrl_dimensional,19,36000000.0,2026-03-29
HealthA,Healthcare,LLY,impairment,income_statement,RestructuringSettlementAndImpairmentProvisions,ixbrl_dimensional,18,279000000.0,2026-03-31
HealthA,Healthcare,ABBV,income_before_tax,income_statement,"IncomeLossFromContinuingOperationsBeforeIncomeTaxesExtraordinaryItemsNoncontrollingInterest, IncomeLossFromContinuingOperationsBeforeIncomeTaxesMinorityInterestAndIncomeLossFromEquityMethodInvestments",sec_companyfacts,21,1039000000.0,2026-03-31
HealthA,Healthcare,ABT,income_before_tax,income_statement,IncomeLossFromContinuingOperationsBeforeIncomeTaxesExtraordinaryItemsNoncontrollingInterest,sec_companyfacts,21,1449000000.0,2026-03-31
HealthA,Healthcare,AMGN,income_before_tax,income_statement,"IncomeLossFromContinuingOperationsBeforeIncomeTaxesExtraordinaryItemsNoncontrollingInterest, IncomeLossFromContinuingOperationsBeforeIncomeTaxesMinorityInterestAndIncomeLossFromEquityMethodInvestments",sec_companyfacts,21,2084000000.0,2026-03-31
HealthA,Healthcare,ISRG,income_before_tax,income_statement,"IncomeLossFromContinuingOperationsBeforeIncomeTaxesExtraordinaryItemsNoncontrollingInterest, IncomeLossFromContinuingOperationsBeforeIncomeTaxesMinorityInterestAndIncomeLossFromEquityMethodInvestments",sec_companyfacts,21,940400000.0,2026-03-31
HealthA,Healthcare,JNJ,income_before_tax,income_statement,"IncomeLossFromContinuingOperationsBeforeIncomeTaxesExtraordinaryItemsNoncontrollingInterest, IncomeLossFromContinuingOperationsBeforeIncomeTaxesMinorityInterestAndIncomeLossFromEquityMethodInvestments",sec_companyfacts,22,5990000000.0,2026-03-29
HealthA,Healthcare,LLY,income_before_tax,income_statement,IncomeLossFromContinuingOperationsBeforeIncomeTaxesExtraordinaryItemsNoncontrollingInterest,sec_companyfacts,21,8850000000.0,2026-03-31
HealthA,Healthcare,MRK,income_before_tax,income_statement,IncomeLossFromContinuingOperationsBeforeIncomeTaxesExtraordinaryItemsNoncontrollingInterest,sec_companyfacts,21,-3534000000.0,2026-03-31
HealthA,Healthcare,TMO,income_before_tax,income_statement,"IncomeLossFromContinuingOperationsBeforeIncomeTaxesExtraordinaryItemsNoncontrollingInterest, IncomeLossFromContinuingOperationsBeforeIncomeTaxesMinorityInterestAndIncomeLossFromEquityMethodInvestments",sec_companyfacts,21,1734000000.0,2026-03-28
HealthA,Healthcare,UNH,income_before_tax,income_statement,"IncomeLossFromContinuingOperationsBeforeIncomeTaxesExtraordinaryItemsNoncontrollingInterest, IncomeLossFromContinuingOperationsBeforeIncomeTaxesMinorityInterestAndIncomeLossFromEquityMethodInvestments",sec_companyfacts,21,7963000000.0,2026-03-31
HealthA,Healthcare,ABBV,income_tax,income_statement,IncomeTaxExpenseBenefit,sec_companyfacts,21,342000000.0,2026-03-31
HealthA,Healthcare,ABT,income_tax,income_statement,IncomeTaxExpenseBenefit,sec_companyfacts,21,372000000.0,2026-03-31
HealthA,Healthcare,AMGN,income_tax,income_statement,IncomeTaxExpenseBenefit,sec_companyfacts,21,265000000.0,2026-03-31
HealthA,Healthcare,ISRG,income_tax,income_statement,IncomeTaxExpenseBenefit,sec_companyfacts,21,114400000.0,2026-03-31
HealthA,Healthcare,JNJ,income_tax,income_statement,IncomeTaxExpenseBenefit,sec_companyfacts,22,755000000.0,2026-03-29
HealthA,Healthcare,LLY,income_tax,income_statement,IncomeTaxExpenseBenefit,sec_companyfacts,21,1454000000.0,2026-03-31
HealthA,Healthcare,MRK,income_tax,income_statement,IncomeTaxExpenseBenefit,sec_companyfacts,21,709000000.0,2026-03-31
HealthA,Healthcare,TMO,income_tax,income_statement,IncomeTaxExpenseBenefit,sec_companyfacts,21,70000000.0,2026-03-28
HealthA,Healthcare,UNH,income_tax,income_statement,IncomeTaxExpenseBenefit,sec_companyfacts,21,1482000000.0,2026-03-31
HealthA,Healthcare,ABBV,long_term_debt,balance_sheet,LongTermDebtAndCapitalLeaseObligations,sec_companyfacts,21,64532000000.0,2026-03-31
HealthA,Healthcare,ABT,long_term_debt,balance_sheet,LongTermDebtNoncurrent,sec_companyfacts,21,29638000000.0,2026-03-31
HealthA,Healthcare,AMGN,long_term_debt,balance_sheet,LongTermDebtNoncurrent,sec_companyfacts,21,51886000000.0,2026-03-31
HealthA,Healthcare,JNJ,long_term_debt,balance_sheet,LongTermDebtNoncurrent,sec_companyfacts,22,37527000000.0,2026-03-29
HealthA,Healthcare,LLY,long_term_debt,balance_sheet,LongTermDebtNoncurrent,sec_companyfacts,21,39370000000.0,2026-03-31
HealthA,Healthcare,MRK,long_term_debt,balance_sheet,LongTermDebtNoncurrent,sec_companyfacts,21,46673000000.0,2026-03-31
HealthA,Healthcare,TMO,long_term_debt,balance_sheet,"LongTermDebtAndCapitalLeaseObligations, LongTermDebtNoncurrent",sec_companyfacts,21,40071000000.0,2026-03-28
HealthA,Healthcare,UNH,long_term_debt,balance_sheet,LongTermDebtNoncurrent,sec_companyfacts,21,71440000000.0,2026-03-31
HealthA,Healthcare,ABBV,net_income,income_statement,NetIncomeLoss,sec_companyfacts,21,695000000.0,2026-03-31
HealthA,Healthcare,ABT,net_income,income_statement,NetIncomeLoss,sec_companyfacts,21,1077000000.0,2026-03-31
HealthA,Healthcare,AMGN,net_income,income_statement,NetIncomeLoss,sec_companyfacts,21,1819000000.0,2026-03-31
HealthA,Healthcare,ISRG,net_income,income_statement,NetIncomeLoss,sec_companyfacts,21,821500000.0,2026-03-31
HealthA,Healthcare,JNJ,net_income,income_statement,NetIncomeLoss,sec_companyfacts,22,5235000000.0,2026-03-29
HealthA,Healthcare,LLY,net_income,income_statement,NetIncomeLoss,sec_companyfacts,21,7396000000.0,2026-03-31
HealthA,Healthcare,MRK,net_income,income_statement,NetIncomeLoss,sec_companyfacts,21,-4240000000.0,2026-03-31
HealthA,Healthcare,TMO,net_income,income_statement,"NetIncomeLoss, NetIncomeLossAvailableToCommonStockholdersBasic, ProfitLoss",sec_companyfacts,21,1651000000.0,2026-03-28
HealthA,Healthcare,UNH,net_income,income_statement,NetIncomeLoss,sec_companyfacts,21,6280000000.0,2026-03-31
HealthA,Healthcare,ABBV,operating_cash_flow,cash_flow_statement,NetCashProvidedByUsedInOperatingActivities,sec_companyfacts,21,3829000000.0,2026-03-31
HealthA,Healthcare,ABT,operating_cash_flow,cash_flow_statement,NetCashProvidedByUsedInOperatingActivities,sec_companyfacts,21,1315000000.0,2026-03-31
HealthA,Healthcare,AMGN,operating_cash_flow,cash_flow_statement,NetCashProvidedByUsedInOperatingActivities,sec_companyfacts,21,2189000000.0,2026-03-31
HealthA,Healthcare,ISRG,operating_cash_flow,cash_flow_statement,NetCashProvidedByUsedInOperatingActivities,sec_companyfacts,21,911900000.0,2026-03-31
HealthA,Healthcare,JNJ,operating_cash_flow,cash_flow_statement,NetCashProvidedByUsedInOperatingActivities,sec_companyfacts,22,2514000000.0,2026-03-29
HealthA,Healthcare,LLY,operating_cash_flow,cash_flow_statement,NetCashProvidedByUsedInOperatingActivities,sec_companyfacts,21,5333000000.0,2026-03-31
HealthA,Healthcare,MRK,operating_cash_flow,cash_flow_statement,"NetCashProvidedByUsedInOperatingActivities, NetCashProvidedByUsedInOperatingActivitiesContinuingOperations",sec_companyfacts,21,3918000000.0,2026-03-31
HealthA,Healthcare,TMO,operating_cash_flow,cash_flow_statement,NetCashProvidedByUsedInOperatingActivities,sec_companyfacts,21,1192000000.0,2026-03-28
HealthA,Healthcare,UNH,operating_cash_flow,cash_flow_statement,NetCashProvidedByUsedInOperatingActivities,sec_companyfacts,21,8912000000.0,2026-03-31
HealthA,Healthcare,ABBV,operating_income,income_statement,OperatingIncomeLoss,sec_companyfacts,21,3990000000.0,2026-03-31
HealthA,Healthcare,ABT,operating_income,income_statement,OperatingIncomeLoss,sec_companyfacts,21,1345000000.0,2026-03-31
HealthA,Healthcare,AMGN,operating_income,income_statement,OperatingIncomeLoss,sec_companyfacts,21,2666000000.0,2026-03-31
HealthA,Healthcare,ISRG,operating_income,income_statement,OperatingIncomeLoss,sec_companyfacts,21,855300000.0,2026-03-31
HealthA,Healthcare,JNJ,operating_income,income_statement,(calculated/none),calculated,22,6327000000.0,2026-03-29
HealthA,Healthcare,LLY,operating_income,income_statement,(calculated/none),calculated,21,8915000000.0,2026-03-31
HealthA,Healthcare,MRK,operating_income,income_statement,(calculated/none),calculated,21,-3396000000.0,2026-03-31
HealthA,Healthcare,TMO,operating_income,income_statement,OperatingIncomeLoss,sec_companyfacts,21,1863000000.0,2026-03-28
HealthA,Healthcare,UNH,operating_income,income_statement,OperatingIncomeLoss,sec_companyfacts,21,8990000000.0,2026-03-31
HealthA,Healthcare,ABBV,research_and_development,income_statement,ResearchAndDevelopmentExpenseExcludingAcquiredInProcessCost,sec_companyfacts,21,2472000000.0,2026-03-31
HealthA,Healthcare,ABT,research_and_development,income_statement,ResearchAndDevelopmentExpense,sec_companyfacts,21,767000000.0,2026-03-31
HealthA,Healthcare,AMGN,research_and_development,income_statement,ResearchAndDevelopmentExpenseExcludingAcquiredInProcessCost,sec_companyfacts,21,1719000000.0,2026-03-31
HealthA,Healthcare,ISRG,research_and_development,income_statement,ResearchAndDevelopmentExpense,sec_companyfacts,21,361900000.0,2026-03-31
HealthA,Healthcare,JNJ,research_and_development,income_statement,"ResearchAndDevelopmentExpense, ResearchAndDevelopmentExpenseExcludingAcquiredInProcessCost",sec_companyfacts,22,3527000000.0,2026-03-29
HealthA,Healthcare,LLY,research_and_development,income_statement,"ResearchAndDevelopmentExpense, ResearchAndDevelopmentExpenseExcludingAcquiredInProcessCost",sec_companyfacts,21,3510000000.0,2026-03-31
HealthA,Healthcare,MRK,research_and_development,income_statement,ResearchAndDevelopmentExpense,sec_companyfacts,21,12592000000.0,2026-03-31
HealthA,Healthcare,TMO,research_and_development,income_statement,ResearchAndDevelopmentExpense,sec_companyfacts,21,336000000.0,2026-03-28
HealthA,Healthcare,JNJ,restru,income_statement,RestructuringCharges,ixbrl_dimensional,22,32000000.0,2026-03-29
HealthA,Healthcare,LLY,restru,income_statement,"AcquiredInProcessResearchAndDevelopment, ResearchAndDevelopmentAssetAcquiredOtherThanThroughBusinessCombinationWrittenOff",ixbrl_dimensional,21,584000000.0,2026-03-31
HealthA,Healthcare,MRK,restru,income_statement,RestructuringCharges,ixbrl_dimensional,21,195000000.0,2026-03-31
HealthA,Healthcare,ABBV,revenue,income_statement,Revenues,sec_companyfacts,21,15002000000.0,2026-03-31
HealthA,Healthcare,ABT,revenue,income_statement,RevenueFromContractWithCustomerExcludingAssessedTax,sec_companyfacts,21,11164000000.0,2026-03-31
HealthA,Healthcare,AMGN,revenue,income_statement,"RevenueFromContractWithCustomerExcludingAssessedTax, Revenues",sec_companyfacts,21,8618000000.0,2026-03-31
HealthA,Healthcare,ISRG,revenue,income_statement,RevenueFromContractWithCustomerExcludingAssessedTax,sec_companyfacts,21,2770800000.0,2026-03-31
HealthA,Healthcare,JNJ,revenue,income_statement,RevenueFromContractWithCustomerExcludingAssessedTax,sec_companyfacts,22,24062000000.0,2026-03-29
HealthA,Healthcare,LLY,revenue,income_statement,Revenues,sec_companyfacts,21,19799000000.0,2026-03-31
HealthA,Healthcare,MRK,revenue,income_statement,Revenues,sec_companyfacts,21,16286000000.0,2026-03-31
HealthA,Healthcare,TMO,revenue,income_statement,RevenueFromContractWithCustomerExcludingAssessedTax,sec_companyfacts,21,11005000000.0,2026-03-28
HealthA,Healthcare,UNH,revenue,income_statement,Revenues,sec_companyfacts,21,111721000000.0,2026-03-31
HealthA,Healthcare,JNJ,selling_general,income_statement,SellingGeneralAndAdministrativeExpense,ixbrl_dimensional,22,6034000000.0,2026-03-29
HealthA,Healthcare,LLY,selling_general,income_statement,SellingGeneralAndAdministrativeExpense,ixbrl_dimensional,21,2934000000.0,2026-03-31
HealthA,Healthcare,MRK,selling_general,income_statement,SellingGeneralAndAdministrativeExpense,ixbrl_dimensional,21,2700000000.0,2026-03-31
HealthA,Healthcare,ABBV,short_term_debt,balance_sheet,"LongTermDebtAndCapitalLeaseObligationsCurrent, ShortTermBorrowings",sec_companyfacts,21,0.0,2026-03-31
HealthA,Healthcare,ABT,short_term_debt,balance_sheet,"LongTermDebtCurrent, ShortTermBorrowings",sec_companyfacts,21,4409000000.0,2026-03-31
HealthA,Healthcare,AMGN,short_term_debt,balance_sheet,LongTermDebtCurrent,sec_companyfacts,21,5437000000.0,2026-03-31
HealthA,Healthcare,JNJ,short_term_debt,balance_sheet,"DebtCurrent, ShortTermBorrowings",sec_companyfacts,22,17460000000.0,2026-03-29
HealthA,Healthcare,LLY,short_term_debt,balance_sheet,DebtCurrent,sec_companyfacts,21,4000000000.0,2026-03-31
HealthA,Healthcare,MRK,short_term_debt,balance_sheet,DebtCurrent,sec_companyfacts,21,2444000000.0,2026-03-31
HealthA,Healthcare,TMO,short_term_debt,balance_sheet,DebtCurrent,sec_companyfacts,21,3090000000.0,2026-03-28
HealthA,Healthcare,UNH,short_term_debt,balance_sheet,"DebtCurrent, LongTermDebtCurrent",sec_companyfacts,21,6477000000.0,2026-03-31
HealthA,Healthcare,ABBV,total_assets,balance_sheet,Assets,sec_companyfacts,21,136463000000.0,2026-03-31
HealthA,Healthcare,ABT,total_assets,balance_sheet,Assets,sec_companyfacts,21,110429000000.0,2026-03-31
HealthA,Healthcare,AMGN,total_assets,balance_sheet,Assets,sec_companyfacts,21,92504000000.0,2026-03-31
HealthA,Healthcare,ISRG,total_assets,balance_sheet,Assets,sec_companyfacts,21,20111000000.0,2026-03-31
HealthA,Healthcare,JNJ,total_assets,balance_sheet,Assets,sec_companyfacts,22,200894000000.0,2026-03-29
HealthA,Healthcare,LLY,total_assets,balance_sheet,Assets,sec_companyfacts,21,116576000000.0,2026-03-31
HealthA,Healthcare,MRK,total_assets,balance_sheet,Assets,sec_companyfacts,21,128685000000.0,2026-03-31
HealthA,Healthcare,TMO,total_assets,balance_sheet,Assets,sec_companyfacts,21,113281000000.0,2026-03-28
HealthA,Healthcare,UNH,total_assets,balance_sheet,Assets,sec_companyfacts,21,312644000000.0,2026-03-31
HealthA,Healthcare,ABBV,total_equity,balance_sheet,StockholdersEquity,sec_companyfacts,21,-6656000000.0,2026-03-31
HealthA,Healthcare,ABT,total_equity,balance_sheet,StockholdersEquity,sec_companyfacts,21,52061000000.0,2026-03-31
HealthA,Healthcare,AMGN,total_equity,balance_sheet,StockholdersEquity,sec_companyfacts,21,9190000000.0,2026-03-31
HealthA,Healthcare,ISRG,total_equity,balance_sheet,StockholdersEquity,sec_companyfacts,21,17474500000.0,2026-03-31
HealthA,Healthcare,JNJ,total_equity,balance_sheet,"StockholdersEquity, StockholdersEquityIncludingPortionAttributableToNoncontrollingInterest",sec_companyfacts,22,81186000000.0,2026-03-29
HealthA,Healthcare,LLY,total_equity,balance_sheet,StockholdersEquity,sec_companyfacts,21,31198000000.0,2026-03-31
HealthA,Healthcare,MRK,total_equity,balance_sheet,StockholdersEquity,sec_companyfacts,21,45878000000.0,2026-03-31
HealthA,Healthcare,TMO,total_equity,balance_sheet,StockholdersEquity,sec_companyfacts,21,51934000000.0,2026-03-28
HealthA,Healthcare,UNH,total_equity,balance_sheet,StockholdersEquityIncludingPortionAttributableToNoncontrollingInterest,sec_companyfacts,21,103895000000.0,2026-03-31
IndA,Industrials,BA,capital_expenditure,cash_flow_statement,PaymentsToAcquirePropertyPlantAndEquipment,sec_companyfacts,21,1275000000.0,2026-03-31
IndA,Industrials,CAT,capital_expenditure,cash_flow_statement,PaymentsToAcquirePropertyPlantAndEquipment,sec_companyfacts,21,728000000.0,2026-03-31
IndA,Industrials,GE,capital_expenditure,cash_flow_statement,"PaymentsToAcquireProductiveAssets, PaymentsToAcquirePropertyPlantAndEquipment",sec_companyfacts,21,331000000.0,2026-03-31
IndA,Industrials,RTX,capital_expenditure,cash_flow_statement,"PaymentsToAcquireProductiveAssets, PaymentsToAcquirePropertyPlantAndEquipment",sec_companyfacts,21,546000000.0,2026-03-31
IndA,Industrials,BA,cash_and_cash_equivalents,balance_sheet,CashAndCashEquivalentsAtCarryingValue,sec_companyfacts,21,9441000000.0,2026-03-31
IndA,Industrials,CAT,cash_and_cash_equivalents,balance_sheet,"CashAndCashEquivalentsAtCarryingValue, CashCashEquivalentsRestrictedCashAndRestrictedCashEquivalents",sec_companyfacts,21,4072000000.0,2026-03-31
IndA,Industrials,GE,cash_and_cash_equivalents,balance_sheet,CashCashEquivalentsRestrictedCashAndRestrictedCashEquivalents,sec_companyfacts,21,10981000000.0,2026-03-31
IndA,Industrials,RTX,cash_and_cash_equivalents,balance_sheet,CashAndCashEquivalentsAtCarryingValue,sec_companyfacts,21,6818000000.0,2026-03-31
IndA,Industrials,GE,cost_of_product,income_statement,CostOfGoodsAndServicesSold,ixbrl_dimensional,21,3281000000.0,2026-03-31
IndA,Industrials,RTX,cost_of_product,income_statement,CostOfGoodsAndServicesSold,ixbrl_dimensional,21,13000000000.0,2026-03-31
IndA,Industrials,BA,cost_of_revenue,income_statement,CostOfRevenue,sec_companyfacts,21,19671000000.0,2026-03-31
IndA,Industrials,CAT,cost_of_revenue,income_statement,CostOfRevenue,sec_companyfacts,21,11306000000.0,2026-03-31
IndA,Industrials,GE,cost_of_revenue,income_statement,CostOfGoodsAndServicesSold,calculated,21,7922000000.0,2026-03-31
IndA,Industrials,RTX,cost_of_revenue,income_statement,(calculated/none),calculated,21,17482000000.0,2026-03-31
IndA,Industrials,GE,cost_of_service,income_statement,CostOfGoodsAndServicesSold,ixbrl_dimensional,21,4641000000.0,2026-03-31
IndA,Industrials,RTX,cost_of_service,income_statement,CostOfGoodsAndServicesSold,ixbrl_dimensional,21,4482000000.0,2026-03-31
IndA,Industrials,BA,gross_profit,income_statement,GrossProfit,sec_companyfacts,21,2546000000.0,2026-03-31
IndA,Industrials,CAT,gross_profit,income_statement,(calculated/none),calculated,21,6109000000.0,2026-03-31
IndA,Industrials,GE,gross_profit,income_statement,(calculated/none),calculated,21,4470000000.0,2026-03-31
IndA,Industrials,RTX,gross_profit,income_statement,(calculated/none),calculated,21,4594000000.0,2026-03-31
IndA,Industrials,BA,income_before_tax,income_statement,IncomeLossFromContinuingOperationsBeforeIncomeTaxesExtraordinaryItemsNoncontrollingInterest,sec_companyfacts,21,26000000.0,2026-03-31
IndA,Industrials,CAT,income_before_tax,income_statement,IncomeLossFromContinuingOperationsBeforeIncomeTaxesMinorityInterestAndIncomeLossFromEquityMethodInvestments,sec_companyfacts,21,3211000000.0,2026-03-31
IndA,Industrials,GE,income_before_tax,income_statement,IncomeLossFromContinuingOperationsBeforeIncomeTaxesExtraordinaryItemsNoncontrollingInterest,sec_companyfacts,21,2198000000.0,2026-03-31
IndA,Industrials,RTX,income_before_tax,income_statement,IncomeLossFromContinuingOperationsBeforeIncomeTaxesExtraordinaryItemsNoncontrollingInterest,sec_companyfacts,21,2520000000.0,2026-03-31
IndA,Industrials,BA,income_tax,income_statement,IncomeTaxExpenseBenefit,sec_companyfacts,21,33000000.0,2026-03-31
IndA,Industrials,CAT,income_tax,income_statement,IncomeTaxExpenseBenefit,sec_companyfacts,21,670000000.0,2026-03-31
IndA,Industrials,GE,income_tax,income_statement,IncomeTaxExpenseBenefit,sec_companyfacts,21,252000000.0,2026-03-31
IndA,Industrials,RTX,income_tax,income_statement,IncomeTaxExpenseBenefit,sec_companyfacts,21,363000000.0,2026-03-31
IndA,Industrials,BA,inventory,balance_sheet,InventoryNetOfAllowancesCustomerAdvancesAndProgressBillings,sec_companyfacts,21,87225000000.0,2026-03-31
IndA,Industrials,CAT,inventory,balance_sheet,InventoryNet,sec_companyfacts,21,19626000000.0,2026-03-31
IndA,Industrials,GE,inventory,balance_sheet,InventoryNet,sec_companyfacts,21,12367000000.0,2026-03-31
IndA,Industrials,RTX,inventory,balance_sheet,InventoryNet,sec_companyfacts,21,14153000000.0,2026-03-31
IndA,Industrials,CAT,long_debt_finance,income_statement,LongTermDebtAndCapitalLeaseObligations,ixbrl_dimensional,21,19971000000.0,2026-03-31
IndA,Industrials,CAT,long_debt_machine,income_statement,LongTermDebtAndCapitalLeaseObligations,ixbrl_dimensional,21,10671000000.0,2026-03-31
IndA,Industrials,BA,long_term_debt,balance_sheet,LongTermDebt,sec_companyfacts,21,46962000000.0,2026-03-31
IndA,Industrials,CAT,long_term_debt,balance_sheet,LongTermDebtNoncurrent,calculated,21,30642000000.0,2026-03-31
IndA,Industrials,GE,long_term_debt,balance_sheet,"LongTermDebt, LongTermDebtAndCapitalLeaseObligations",sec_companyfacts,21,18174000000.0,2026-03-31
IndA,Industrials,RTX,long_term_debt,balance_sheet,"LongTermDebt, LongTermDebtAndCapitalLeaseObligations",sec_companyfacts,21,32974000000.0,2026-03-31
IndA,Industrials,BA,net_income,income_statement,NetIncomeLoss,sec_companyfacts,21,-4000000.0,2026-03-31
IndA,Industrials,CAT,net_income,income_statement,ProfitLoss,sec_companyfacts,21,2548000000.0,2026-03-31
IndA,Industrials,GE,net_income,income_statement,NetIncomeLoss,sec_companyfacts,21,1904000000.0,2026-03-31
IndA,Industrials,RTX,net_income,income_statement,NetIncomeLoss,sec_companyfacts,21,2059000000.0,2026-03-31
IndA,Industrials,BA,operating_cash_flow,cash_flow_statement,NetCashProvidedByUsedInOperatingActivities,sec_companyfacts,21,-179000000.0,2026-03-31
IndA,Industrials,CAT,operating_cash_flow,cash_flow_statement,NetCashProvidedByUsedInOperatingActivities,sec_companyfacts,21,1870000000.0,2026-03-31
IndA,Industrials,GE,operating_cash_flow,cash_flow_statement,NetCashProvidedByUsedInOperatingActivities,sec_companyfacts,21,1823000000.0,2026-03-31
IndA,Industrials,RTX,operating_cash_flow,cash_flow_statement,"NetCashProvidedByUsedInOperatingActivities, NetCashProvidedByUsedInOperatingActivitiesContinuingOperations",sec_companyfacts,21,1855000000.0,2026-03-31
IndA,Industrials,BA,operating_income,income_statement,OperatingIncomeLoss,sec_companyfacts,21,448000000.0,2026-03-31
IndA,Industrials,CAT,operating_income,income_statement,OperatingIncomeLoss,sec_companyfacts,21,3085000000.0,2026-03-31
IndA,Industrials,RTX,operating_income,income_statement,OperatingIncomeLoss,sec_companyfacts,21,2555000000.0,2026-03-31
IndA,Industrials,BA,research_and_development,income_statement,ResearchAndDevelopmentExpense,sec_companyfacts,21,903000000.0,2026-03-31
IndA,Industrials,CAT,research_and_development,income_statement,ResearchAndDevelopmentExpense,sec_companyfacts,21,537000000.0,2026-03-31
IndA,Industrials,GE,research_and_development,income_statement,ResearchAndDevelopmentExpense,sec_companyfacts,21,440000000.0,2026-03-31
IndA,Industrials,RTX,research_and_development,income_statement,ResearchAndDevelopmentExpense,sec_companyfacts,21,627000000.0,2026-03-31
IndA,Industrials,BA,revenue,income_statement,Revenues,sec_companyfacts,21,22217000000.0,2026-03-31
IndA,Industrials,CAT,revenue,income_statement,Revenues,sec_companyfacts,21,17415000000.0,2026-03-31
IndA,Industrials,GE,revenue,income_statement,Revenues,sec_companyfacts,21,12392000000.0,2026-03-31
IndA,Industrials,RTX,revenue,income_statement,"RevenueFromContractWithCustomerExcludingAssessedTax, Revenues",sec_companyfacts,21,22076000000.0,2026-03-31
IndA,Industrials,CAT,short_debt_finance,income_statement,LongTermDebtAndCapitalLeaseObligationsCurrent,ixbrl_dimensional,21,7660000000.0,2026-03-31
IndA,Industrials,CAT,short_debt_machine,income_statement,LongTermDebtAndCapitalLeaseObligationsCurrent,ixbrl_dimensional,21,35000000.0,2026-03-31
IndA,Industrials,BA,short_term_debt,balance_sheet,DebtCurrent,sec_companyfacts,21,2855000000.0,2026-03-31
IndA,Industrials,CAT,short_term_debt,balance_sheet,ShortTermBorrowings,calculated,21,7695000000.0,2026-03-31
IndA,Industrials,GE,short_term_debt,balance_sheet,"DebtCurrent, ShortTermBorrowings",sec_companyfacts,21,2103000000.0,2026-03-31
IndA,Industrials,RTX,short_term_debt,balance_sheet,LongTermDebtAndCapitalLeaseObligationsCurrent,sec_companyfacts,21,4213000000.0,2026-03-31
IndA,Industrials,BA,total_assets,balance_sheet,Assets,sec_companyfacts,21,164787000000.0,2026-03-31
IndA,Industrials,CAT,total_assets,balance_sheet,Assets,sec_companyfacts,21,95550000000.0,2026-03-31
IndA,Industrials,GE,total_assets,balance_sheet,Assets,sec_companyfacts,21,128445000000.0,2026-03-31
IndA,Industrials,RTX,total_assets,balance_sheet,Assets,sec_companyfacts,21,170431000000.0,2026-03-31
IndA,Industrials,BA,total_equity,balance_sheet,StockholdersEquity,sec_companyfacts,21,5987000000.0,2026-03-31
IndA,Industrials,CAT,total_equity,balance_sheet,StockholdersEquityIncludingPortionAttributableToNoncontrollingInterest,sec_companyfacts,21,18660000000.0,2026-03-31
IndA,Industrials,GE,total_equity,balance_sheet,StockholdersEquity,sec_companyfacts,21,18057000000.0,2026-03-31
IndA,Industrials,RTX,total_equity,balance_sheet,StockholdersEquity,sec_companyfacts,21,66280000000.0,2026-03-31
StapA,Consumer Staples,COST,capital_expenditure,cash_flow_statement,PaymentsToAcquirePropertyPlantAndEquipment,sec_companyfacts,23,1413000000.0,2026-05-10
StapA,Consumer Staples,KO,capital_expenditure,cash_flow_statement,PaymentsToAcquirePropertyPlantAndEquipment,sec_companyfacts,21,266000000.0,2026-04-03
StapA,Consumer Staples,PEP,capital_expenditure,cash_flow_statement,PaymentsToAcquireProductiveAssets,sec_companyfacts,21,447000000.0,2026-03-21
StapA,Consumer Staples,PG,capital_expenditure,cash_flow_statement,PaymentsToAcquirePropertyPlantAndEquipment,sec_companyfacts,23,1019000000.0,2026-03-31
StapA,Consumer Staples,PM,capital_expenditure,cash_flow_statement,PaymentsToAcquirePropertyPlantAndEquipment,sec_companyfacts,21,353000000.0,2026-03-31
StapA,Consumer Staples,WMT,capital_expenditure,cash_flow_statement,PaymentsToAcquirePropertyPlantAndEquipment,sec_companyfacts,21,6684000000.0,2026-04-30
StapA,Consumer Staples,COST,cash_and_cash_equivalents,balance_sheet,CashAndCashEquivalentsAtCarryingValue,sec_companyfacts,23,18946000000.0,2026-05-10
StapA,Consumer Staples,KO,cash_and_cash_equivalents,balance_sheet,CashAndCashEquivalentsAtCarryingValue,sec_companyfacts,21,10574000000.0,2026-04-03
StapA,Consumer Staples,PEP,cash_and_cash_equivalents,balance_sheet,CashAndCashEquivalentsAtCarryingValue,sec_companyfacts,21,10475000000.0,2026-03-21
StapA,Consumer Staples,PG,cash_and_cash_equivalents,balance_sheet,CashCashEquivalentsRestrictedCashAndRestrictedCashEquivalents,sec_companyfacts,23,12306000000.0,2026-03-31
StapA,Consumer Staples,PM,cash_and_cash_equivalents,balance_sheet,CashAndCashEquivalentsAtCarryingValue,sec_companyfacts,21,5450000000.0,2026-03-31
StapA,Consumer Staples,WMT,cash_and_cash_equivalents,balance_sheet,CashAndCashEquivalentsAtCarryingValue,sec_companyfacts,21,10729000000.0,2026-04-30
StapA,Consumer Staples,COST,cost_of_revenue,income_statement,CostOfGoodsAndServicesSold,sec_companyfacts,23,61519000000.0,2026-05-10
StapA,Consumer Staples,KO,cost_of_revenue,income_statement,CostOfGoodsAndServicesSold,sec_companyfacts,21,4620000000.0,2026-04-03
StapA,Consumer Staples,PEP,cost_of_revenue,income_statement,CostOfGoodsAndServicesSold,sec_companyfacts,21,8712000000.0,2026-03-21
StapA,Consumer Staples,PG,cost_of_revenue,income_statement,CostOfGoodsAndServicesSold,sec_companyfacts,23,10722000000.0,2026-03-31
StapA,Consumer Staples,PM,cost_of_revenue,income_statement,CostOfGoodsAndServicesSold,sec_companyfacts,21,3241000000.0,2026-03-31
StapA,Consumer Staples,WMT,cost_of_revenue,income_statement,CostOfRevenue,sec_companyfacts,21,133058000000.0,2026-04-30
StapA,Consumer Staples,COST,gross_profit,income_statement,(calculated/none),calculated,23,9008000000.0,2026-05-10
StapA,Consumer Staples,KO,gross_profit,income_statement,GrossProfit,sec_companyfacts,21,7852000000.0,2026-04-03
StapA,Consumer Staples,PEP,gross_profit,income_statement,GrossProfit,sec_companyfacts,21,10731000000.0,2026-03-21
StapA,Consumer Staples,PG,gross_profit,income_statement,(calculated/none),calculated,23,10513000000.0,2026-03-31
StapA,Consumer Staples,PM,gross_profit,income_statement,GrossProfit,sec_companyfacts,21,6905000000.0,2026-03-31
StapA,Consumer Staples,WMT,gross_profit,income_statement,(calculated/none),calculated,21,44693000000.0,2026-04-30
StapA,Consumer Staples,COST,income_before_tax,income_statement,"IncomeLossAttributableToParent, IncomeLossFromContinuingOperationsBeforeIncomeTaxesExtraordinaryItemsNoncontrollingInterest",sec_companyfacts,23,2938000000.0,2026-05-10
StapA,Consumer Staples,KO,income_before_tax,income_statement,IncomeLossFromContinuingOperationsBeforeIncomeTaxesExtraordinaryItemsNoncontrollingInterest,sec_companyfacts,21,4611000000.0,2026-04-03
StapA,Consumer Staples,PEP,income_before_tax,income_statement,IncomeLossFromContinuingOperationsBeforeIncomeTaxesExtraordinaryItemsNoncontrollingInterest,sec_companyfacts,21,2970000000.0,2026-03-21
StapA,Consumer Staples,PG,income_before_tax,income_statement,"IncomeLossFromContinuingOperationsBeforeIncomeTaxes, IncomeLossFromContinuingOperationsBeforeIncomeTaxesExtraordinaryItemsNoncontrollingInterest, IncomeLossIncludingPortionAttributableToNoncontrollingInterest",sec_companyfacts,23,4989000000.0,2026-03-31
StapA,Consumer Staples,PM,income_before_tax,income_statement,IncomeLossFromContinuingOperationsBeforeIncomeTaxesMinorityInterestAndIncomeLossFromEquityMethodInvestments,sec_companyfacts,21,3661000000.0,2026-03-31
StapA,Consumer Staples,WMT,income_before_tax,income_statement,"IncomeLossFromContinuingOperationsBeforeIncomeTaxesExtraordinaryItemsNoncontrollingInterest, IncomeLossFromContinuingOperationsBeforeIncomeTaxesMinorityInterestAndIncomeLossFromEquityMethodInvestments",sec_companyfacts,21,7148000000.0,2026-04-30
StapA,Consumer Staples,COST,income_tax,income_statement,IncomeTaxExpenseBenefit,sec_companyfacts,23,746000000.0,2026-05-10
StapA,Consumer Staples,KO,income_tax,income_statement,IncomeTaxExpenseBenefit,sec_companyfacts,21,645000000.0,2026-04-03
StapA,Consumer Staples,PEP,income_tax,income_statement,IncomeTaxExpenseBenefit,sec_companyfacts,21,632000000.0,2026-03-21
StapA,Consumer Staples,PG,income_tax,income_statement,IncomeTaxExpenseBenefit,sec_companyfacts,23,1039000000.0,2026-03-31
StapA,Consumer Staples,PM,income_tax,income_statement,IncomeTaxExpenseBenefit,sec_companyfacts,21,676000000.0,2026-03-31
StapA,Consumer Staples,WMT,income_tax,income_statement,IncomeTaxExpenseBenefit,sec_companyfacts,21,1658000000.0,2026-04-30
StapA,Consumer Staples,COST,inventory,balance_sheet,InventoryNet,sec_companyfacts,23,19418000000.0,2026-05-10
StapA,Consumer Staples,KO,inventory,balance_sheet,InventoryNet,sec_companyfacts,21,4730000000.0,2026-04-03
StapA,Consumer Staples,PEP,inventory,balance_sheet,InventoryNet,sec_companyfacts,21,6211000000.0,2026-03-21
StapA,Consumer Staples,PG,inventory,balance_sheet,InventoryNet,sec_companyfacts,23,7853000000.0,2026-03-31
StapA,Consumer Staples,PM,inventory,balance_sheet,InventoryNet,sec_companyfacts,21,11392000000.0,2026-03-31
StapA,Consumer Staples,WMT,inventory,balance_sheet,InventoryNet,sec_companyfacts,21,62570000000.0,2026-04-30
StapA,Consumer Staples,COST,long_term_debt,balance_sheet,LongTermDebtNoncurrent,sec_companyfacts,23,5670000000.0,2026-05-10
StapA,Consumer Staples,KO,long_term_debt,balance_sheet,"LongTermDebtAndCapitalLeaseObligations, LongTermDebtNoncurrent",sec_companyfacts,21,39065000000.0,2026-04-03
StapA,Consumer Staples,PEP,long_term_debt,balance_sheet,"LongTermDebtAndCapitalLeaseObligations, LongTermDebtNoncurrent",sec_companyfacts,21,42577000000.0,2026-03-21
StapA,Consumer Staples,PG,long_term_debt,balance_sheet,LongTermDebtNoncurrent,sec_companyfacts,23,23852000000.0,2026-03-31
StapA,Consumer Staples,PM,long_term_debt,balance_sheet,LongTermDebtAndCapitalLeaseObligations,sec_companyfacts,21,43808000000.0,2026-03-31
StapA,Consumer Staples,WMT,long_term_debt,balance_sheet,LongTermDebtNoncurrent,sec_companyfacts,21,36887000000.0,2026-04-30
StapA,Consumer Staples,COST,net_income,income_statement,NetIncomeLoss,sec_companyfacts,23,2192000000.0,2026-05-10
StapA,Consumer Staples,KO,net_income,income_statement,NetIncomeLoss,sec_companyfacts,21,3924000000.0,2026-04-03
StapA,Consumer Staples,PEP,net_income,income_statement,NetIncomeLoss,sec_companyfacts,21,2327000000.0,2026-03-21
StapA,Consumer Staples,PG,net_income,income_statement,"NetIncomeLoss, ProfitLoss",sec_companyfacts,23,3932000000.0,2026-03-31
StapA,Consumer Staples,PM,net_income,income_statement,NetIncomeLoss,sec_companyfacts,21,2438000000.0,2026-03-31
StapA,Consumer Staples,WMT,net_income,income_statement,NetIncomeLoss,sec_companyfacts,21,5330000000.0,2026-04-30
StapA,Consumer Staples,COST,operating_cash_flow,cash_flow_statement,NetCashProvidedByUsedInOperatingActivities,sec_companyfacts,23,3449000000.0,2026-05-10
StapA,Consumer Staples,KO,operating_cash_flow,cash_flow_statement,NetCashProvidedByUsedInOperatingActivities,sec_companyfacts,21,2021000000.0,2026-04-03
StapA,Consumer Staples,PEP,operating_cash_flow,cash_flow_statement,NetCashProvidedByUsedInOperatingActivities,sec_companyfacts,21,41000000.0,2026-03-21
StapA,Consumer Staples,PG,operating_cash_flow,cash_flow_statement,NetCashProvidedByUsedInOperatingActivities,sec_companyfacts,23,4045000000.0,2026-03-31
StapA,Consumer Staples,PM,operating_cash_flow,cash_flow_statement,NetCashProvidedByUsedInOperatingActivities,sec_companyfacts,21,-399000000.0,2026-03-31
StapA,Consumer Staples,WMT,operating_cash_flow,cash_flow_statement,NetCashProvidedByUsedInOperatingActivities,sec_companyfacts,21,4738000000.0,2026-04-30
StapA,Consumer Staples,COST,operating_income,income_statement,OperatingIncomeLoss,sec_companyfacts,23,2815000000.0,2026-05-10
StapA,Consumer Staples,KO,operating_income,income_statement,OperatingIncomeLoss,sec_companyfacts,21,4359000000.0,2026-04-03
StapA,Consumer Staples,PEP,operating_income,income_statement,OperatingIncomeLoss,sec_companyfacts,21,3213000000.0,2026-03-21
StapA,Consumer Staples,PG,operating_income,income_statement,OperatingIncomeLoss,sec_companyfacts,23,4576000000.0,2026-03-31
StapA,Consumer Staples,PM,operating_income,income_statement,OperatingIncomeLoss,sec_companyfacts,21,3893000000.0,2026-03-31
StapA,Consumer Staples,WMT,operating_income,income_statement,OperatingIncomeLoss,sec_companyfacts,21,7493000000.0,2026-04-30
StapA,Consumer Staples,PEP,research_and_development,income_statement,ResearchAndDevelopmentExpense,sec_companyfacts,5,839000000.0,2025-12-27
StapA,Consumer Staples,PG,research_and_development,income_statement,ResearchAndDevelopmentExpense,sec_companyfacts,5,2100000000.0,2025-06-30
StapA,Consumer Staples,PM,research_and_development,income_statement,ResearchAndDevelopmentExpense,sec_companyfacts,5,756000000.0,2025-12-31
StapA,Consumer Staples,COST,revenue,income_statement,"RevenueFromContractWithCustomerExcludingAssessedTax, Revenues",sec_companyfacts,23,70527000000.0,2026-05-10
StapA,Consumer Staples,KO,revenue,income_statement,Revenues,sec_companyfacts,21,12472000000.0,2026-04-03
StapA,Consumer Staples,PEP,revenue,income_statement,Revenues,sec_companyfacts,21,19443000000.0,2026-03-21
StapA,Consumer Staples,PG,revenue,income_statement,Revenues,sec_companyfacts,23,21235000000.0,2026-03-31
StapA,Consumer Staples,PM,revenue,income_statement,RevenueFromContractWithCustomerExcludingAssessedTax,sec_companyfacts,21,10146000000.0,2026-03-31
StapA,Consumer Staples,WMT,revenue,income_statement,Revenues,sec_companyfacts,21,177751000000.0,2026-04-30
StapA,Consumer Staples,COST,short_term_debt,balance_sheet,LongTermDebtCurrent,sec_companyfacts,23,0.0,2026-05-10
StapA,Consumer Staples,KO,short_term_debt,balance_sheet,"LongTermDebtAndCapitalLeaseObligationsCurrent, LongTermDebtCurrent",sec_companyfacts,21,4493000000.0,2026-04-03
StapA,Consumer Staples,PEP,short_term_debt,balance_sheet,"DebtCurrent, LongTermDebtCurrent",sec_companyfacts,21,1600000000.0,2026-03-21
StapA,Consumer Staples,PG,short_term_debt,balance_sheet,DebtCurrent,sec_companyfacts,23,13174000000.0,2026-03-31
StapA,Consumer Staples,PM,short_term_debt,balance_sheet,LongTermDebtAndCapitalLeaseObligationsCurrent,sec_companyfacts,21,2447000000.0,2026-03-31
StapA,Consumer Staples,WMT,short_term_debt,balance_sheet,LongTermDebtCurrent,sec_companyfacts,21,3896000000.0,2026-04-30
StapA,Consumer Staples,COST,total_assets,balance_sheet,Assets,sec_companyfacts,23,86430000000.0,2026-05-10
StapA,Consumer Staples,KO,total_assets,balance_sheet,Assets,sec_companyfacts,21,104217000000.0,2026-04-03
StapA,Consumer Staples,PEP,total_assets,balance_sheet,Assets,sec_companyfacts,21,110646000000.0,2026-03-21
StapA,Consumer Staples,PG,total_assets,balance_sheet,Assets,sec_companyfacts,23,128378000000.0,2026-03-31
StapA,Consumer Staples,PM,total_assets,balance_sheet,Assets,sec_companyfacts,21,68913000000.0,2026-03-31
StapA,Consumer Staples,WMT,total_assets,balance_sheet,Assets,sec_companyfacts,21,289607000000.0,2026-04-30
StapA,Consumer Staples,COST,total_equity,balance_sheet,StockholdersEquity,sec_companyfacts,23,33509000000.0,2026-05-10
StapA,Consumer Staples,KO,total_equity,balance_sheet,StockholdersEquity,sec_companyfacts,21,33633000000.0,2026-04-03
StapA,Consumer Staples,PEP,total_equity,balance_sheet,StockholdersEquity,sec_companyfacts,21,21383000000.0,2026-03-21
StapA,Consumer Staples,PG,total_equity,balance_sheet,StockholdersEquityIncludingPortionAttributableToNoncontrollingInterest,sec_companyfacts,23,54731000000.0,2026-03-31
StapA,Consumer Staples,PM,total_equity,balance_sheet,StockholdersEquity,sec_companyfacts,21,-9279000000.0,2026-03-31
StapA,Consumer Staples,WMT,total_equity,balance_sheet,StockholdersEquity,sec_companyfacts,21,94330000000.0,2026-04-30
TechA,Technology,AAPL,capital_expenditure,cash_flow_statement,PaymentsToAcquirePropertyPlantAndEquipment,sec_companyfacts,21,1971000000.0,2026-03-28
TechA,Technology,MSFT,capital_expenditure,cash_flow_statement,PaymentsToAcquirePropertyPlantAndEquipment,sec_companyfacts,23,30876000000.0,2026-03-31
TechA,Technology,AAPL,cash_and_cash_equivalents,balance_sheet,CashAndCashEquivalentsAtCarryingValue,sec_companyfacts,22,45572000000.0,2026-03-28
TechA,Technology,MSFT,cash_and_cash_equivalents,balance_sheet,CashAndCashEquivalentsAtCarryingValue,sec_companyfacts,23,32105000000.0,2026-03-31
TechA,Technology,AAPL,commercial_paper,balance_sheet,CommercialPaper,sec_companyfacts,22,1997000000.0,2026-03-28
TechA,Technology,MSFT,commercial_paper,balance_sheet,CommercialPaper,sec_companyfacts,8,0.0,2025-06-30
TechA,Technology,AAPL,cost_of_revenue,income_statement,CostOfGoodsAndServicesSold,sec_companyfacts,22,56403000000.0,2026-03-28
TechA,Technology,MSFT,cost_of_revenue,income_statement,CostOfGoodsAndServicesSold,sec_companyfacts,23,26828000000.0,2026-03-31
TechA,Technology,AAPL,gross_profit,income_statement,GrossProfit,sec_companyfacts,22,54781000000.0,2026-03-28
TechA,Technology,MSFT,gross_profit,income_statement,GrossProfit,sec_companyfacts,23,56058000000.0,2026-03-31
TechA,Technology,AAPL,income_before_tax,income_statement,IncomeLossFromContinuingOperationsBeforeIncomeTaxesExtraordinaryItemsNoncontrollingInterest,sec_companyfacts,22,35833000000.0,2026-03-28
TechA,Technology,MSFT,income_before_tax,income_statement,"IncomeLossFromContinuingOperationsBeforeIncomeTaxesExtraordinaryItemsNoncontrollingInterest, IncomeLossFromContinuingOperationsBeforeIncomeTaxesMinorityInterestAndIncomeLossFromEquityMethodInvestments",sec_companyfacts,23,39340000000.0,2026-03-31
TechA,Technology,AAPL,income_tax,income_statement,IncomeTaxExpenseBenefit,sec_companyfacts,22,6255000000.0,2026-03-28
TechA,Technology,MSFT,income_tax,income_statement,IncomeTaxExpenseBenefit,sec_companyfacts,23,7562000000.0,2026-03-31
TechA,Technology,AAPL,long_term_debt,balance_sheet,LongTermDebtNoncurrent,sec_companyfacts,22,74404000000.0,2026-03-28
TechA,Technology,MSFT,long_term_debt,balance_sheet,LongTermDebtNoncurrent,sec_companyfacts,23,31423000000.0,2026-03-31
TechA,Technology,AAPL,long_term_debt_current,balance_sheet,LongTermDebtCurrent,sec_companyfacts,22,8310000000.0,2026-03-28
TechA,Technology,MSFT,long_term_debt_current,balance_sheet,LongTermDebtCurrent,sec_companyfacts,23,8839000000.0,2026-03-31
TechA,Technology,AAPL,net_income,income_statement,NetIncomeLoss,sec_companyfacts,22,29578000000.0,2026-03-28
TechA,Technology,MSFT,net_income,income_statement,NetIncomeLoss,sec_companyfacts,23,31778000000.0,2026-03-31
TechA,Technology,AAPL,operating_cash_flow,cash_flow_statement,NetCashProvidedByUsedInOperatingActivities,sec_companyfacts,21,28702000000.0,2026-03-28
TechA,Technology,MSFT,operating_cash_flow,cash_flow_statement,NetCashProvidedByUsedInOperatingActivities,sec_companyfacts,23,46679000000.0,2026-03-31
TechA,Technology,AAPL,operating_income,income_statement,OperatingIncomeLoss,sec_companyfacts,22,35885000000.0,2026-03-28
TechA,Technology,MSFT,operating_income,income_statement,OperatingIncomeLoss,sec_companyfacts,23,38398000000.0,2026-03-31
TechA,Technology,AAPL,research_and_development,income_statement,ResearchAndDevelopmentExpense,sec_companyfacts,22,11419000000.0,2026-03-28
TechA,Technology,MSFT,research_and_development,income_statement,ResearchAndDevelopmentExpense,sec_companyfacts,23,8915000000.0,2026-03-31
TechA,Technology,AAPL,revenue,income_statement,RevenueFromContractWithCustomerExcludingAssessedTax,sec_companyfacts,22,111184000000.0,2026-03-28
TechA,Technology,MSFT,revenue,income_statement,RevenueFromContractWithCustomerExcludingAssessedTax,sec_companyfacts,23,82886000000.0,2026-03-31
TechA,Technology,AAPL,short_term_debt,balance_sheet,(calculated/none),calculated,22,10307000000.0,2026-03-28
TechA,Technology,MSFT,short_term_debt,balance_sheet,(calculated/none),calculated,23,8839000000.0,2026-03-31
TechA,Technology,AAPL,total_assets,balance_sheet,Assets,sec_companyfacts,22,371082000000.0,2026-03-28
TechA,Technology,MSFT,total_assets,balance_sheet,Assets,sec_companyfacts,23,694228000000.0,2026-03-31
TechA,Technology,AAPL,total_equity,balance_sheet,StockholdersEquity,sec_companyfacts,22,106491000000.0,2026-03-28
TechA,Technology,MSFT,total_equity,balance_sheet,StockholdersEquity,sec_companyfacts,23,414367000000.0,2026-03-31
TechB,Technology,AMAT,capital_expenditure,cash_flow_statement,PaymentsToAcquirePropertyPlantAndEquipment,sec_companyfacts,20,635000000.0,2026-04-26
TechB,Technology,AMD,capital_expenditure,cash_flow_statement,PaymentsToAcquirePropertyPlantAndEquipment,sec_companyfacts,21,389000000.0,2026-03-28
TechB,Technology,APH,capital_expenditure,cash_flow_statement,PaymentsToAcquirePropertyPlantAndEquipment,sec_companyfacts,21,291600000.0,2026-03-31
TechB,Technology,AVGO,capital_expenditure,cash_flow_statement,PaymentsToAcquirePropertyPlantAndEquipment,sec_companyfacts,20,231000000.0,2026-05-03
TechB,Technology,CRM,capital_expenditure,cash_flow_statement,PaymentsToAcquirePropertyPlantAndEquipment,sec_companyfacts,21,145000000.0,2026-04-30
TechB,Technology,CSCO,capital_expenditure,cash_flow_statement,PaymentsToAcquirePropertyPlantAndEquipment,sec_companyfacts,23,414000000.0,2026-04-25
TechB,Technology,INTC,capital_expenditure,cash_flow_statement,PaymentsToAcquirePropertyPlantAndEquipment,sec_companyfacts,21,3636000000.0,2026-03-28
TechB,Technology,LRCX,capital_expenditure,cash_flow_statement,PaymentsToAcquireProductiveAssets,sec_companyfacts,23,331604000.0,2026-03-29
TechB,Technology,MU,capital_expenditure,cash_flow_statement,PaymentsToAcquirePropertyPlantAndEquipment,sec_companyfacts,24,7826000000.0,2026-05-28
TechB,Technology,NOW,capital_expenditure,cash_flow_statement,PaymentsToAcquirePropertyPlantAndEquipment,sec_companyfacts,21,141000000.0,2026-03-31
TechB,Technology,NVDA,capital_expenditure,cash_flow_statement,"PaymentsToAcquireProductiveAssets, PurchasesOfPropertyAndEquipmentAndIntangibleAssets",sec_companyfacts,21,1757000000.0,2026-04-26
TechB,Technology,PLTR,capital_expenditure,cash_flow_statement,PaymentsToAcquirePropertyPlantAndEquipment,sec_companyfacts,21,7401000.0,2026-03-31
TechB,Technology,TXN,capital_expenditure,cash_flow_statement,PaymentsToAcquirePropertyPlantAndEquipment,sec_companyfacts,21,676000000.0,2026-03-31
TechB,Technology,AMAT,cash_and_cash_equivalents,balance_sheet,CashAndCashEquivalentsAtCarryingValue,sec_companyfacts,22,6301000000.0,2026-04-26
TechB,Technology,AMD,cash_and_cash_equivalents,balance_sheet,CashAndCashEquivalentsAtCarryingValue,sec_companyfacts,21,5585000000.0,2026-03-28
TechB,Technology,APH,cash_and_cash_equivalents,balance_sheet,CashAndCashEquivalentsAtCarryingValue,sec_companyfacts,21,4128000000.0,2026-03-31
TechB,Technology,AVGO,cash_and_cash_equivalents,balance_sheet,CashAndCashEquivalentsAtCarryingValue,sec_companyfacts,22,19628000000.0,2026-05-03
TechB,Technology,CRM,cash_and_cash_equivalents,balance_sheet,CashAndCashEquivalentsAtCarryingValue,sec_companyfacts,21,8935000000.0,2026-04-30
TechB,Technology,CSCO,cash_and_cash_equivalents,balance_sheet,CashAndCashEquivalentsAtCarryingValue,sec_companyfacts,23,7083000000.0,2026-04-25
TechB,Technology,INTC,cash_and_cash_equivalents,balance_sheet,"CashAndCashEquivalentsAtCarryingValue, CashCashEquivalentsRestrictedCashAndRestrictedCashEquivalents",sec_companyfacts,21,17247000000.0,2026-03-28
TechB,Technology,LRCX,cash_and_cash_equivalents,balance_sheet,CashAndCashEquivalentsAtCarryingValue,sec_companyfacts,23,4750936000.0,2026-03-29
TechB,Technology,MU,cash_and_cash_equivalents,balance_sheet,CashAndCashEquivalentsAtCarryingValue,sec_companyfacts,24,24995000000.0,2026-05-28
TechB,Technology,NOW,cash_and_cash_equivalents,balance_sheet,CashAndCashEquivalentsAtCarryingValue,sec_companyfacts,21,2702000000.0,2026-03-31
TechB,Technology,NVDA,cash_and_cash_equivalents,balance_sheet,CashAndCashEquivalentsAtCarryingValue,sec_companyfacts,21,13237000000.0,2026-04-26
TechB,Technology,PLTR,cash_and_cash_equivalents,balance_sheet,CashAndCashEquivalentsAtCarryingValue,sec_companyfacts,21,2291631000.0,2026-03-31
TechB,Technology,TXN,cash_and_cash_equivalents,balance_sheet,CashAndCashEquivalentsAtCarryingValue,sec_companyfacts,21,3549000000.0,2026-03-31
TechB,Technology,AMAT,cost_of_revenue,income_statement,CostOfGoodsAndServicesSold,sec_companyfacts,22,3963000000.0,2026-04-26
TechB,Technology,AMD,cost_of_revenue,income_statement,CostOfGoodsAndServicesSold,sec_companyfacts,21,4837000000.0,2026-03-28
TechB,Technology,APH,cost_of_revenue,income_statement,CostOfRevenue,sec_companyfacts,21,4819900000.0,2026-03-31
TechB,Technology,AVGO,cost_of_revenue,income_statement,CostOfRevenue,sec_companyfacts,22,6772000000.0,2026-05-03
TechB,Technology,CRM,cost_of_revenue,income_statement,CostOfGoodsAndServicesSold,sec_companyfacts,21,2570000000.0,2026-04-30
TechB,Technology,CSCO,cost_of_revenue,income_statement,CostOfGoodsAndServicesSold,sec_companyfacts,23,5761000000.0,2026-04-25
TechB,Technology,INTC,cost_of_revenue,income_statement,CostOfGoodsAndServicesSold,sec_companyfacts,21,8230000000.0,2026-03-28
TechB,Technology,LRCX,cost_of_revenue,income_statement,"CostOfGoodsAndServicesSold, CostOfGoodsAndServicesSoldExcludingRestructuringCharges",ixbrl_dimensional,23,2930961000.0,2026-03-29
TechB,Technology,MU,cost_of_revenue,income_statement,CostOfGoodsAndServicesSold,sec_companyfacts,24,6400000000.0,2026-05-28
TechB,Technology,NOW,cost_of_revenue,income_statement,CostOfRevenue,sec_companyfacts,21,940000000.0,2026-03-31
TechB,Technology,NVDA,cost_of_revenue,income_statement,CostOfRevenue,sec_companyfacts,21,20458000000.0,2026-04-26
TechB,Technology,PLTR,cost_of_revenue,income_statement,CostOfRevenue,sec_companyfacts,21,215798000.0,2026-03-31
TechB,Technology,TXN,cost_of_revenue,income_statement,"CostOfGoodsAndServicesSold, CostOfRevenue",sec_companyfacts,21,2026000000.0,2026-03-31
TechB,Technology,AMAT,gross_profit,income_statement,GrossProfit,sec_companyfacts,22,3947000000.0,2026-04-26
TechB,Technology,AMD,gross_profit,income_statement,GrossProfit,sec_companyfacts,21,5416000000.0,2026-03-28
TechB,Technology,APH,gross_profit,income_statement,GrossProfit,sec_companyfacts,21,2800200000.0,2026-03-31
TechB,Technology,AVGO,gross_profit,income_statement,GrossProfit,sec_companyfacts,22,15415000000.0,2026-05-03
TechB,Technology,CRM,gross_profit,income_statement,GrossProfit,sec_companyfacts,21,8563000000.0,2026-04-30
TechB,Technology,CSCO,gross_profit,income_statement,GrossProfit,sec_companyfacts,23,10080000000.0,2026-04-25
TechB,Technology,INTC,gross_profit,income_statement,GrossProfit,sec_companyfacts,21,5347000000.0,2026-03-28
TechB,Technology,LRCX,gross_profit,income_statement,GrossProfit,sec_companyfacts,23,2910527000.0,2026-03-29
TechB,Technology,MU,gross_profit,income_statement,GrossProfit,sec_companyfacts,24,35056000000.0,2026-05-28
TechB,Technology,NOW,gross_profit,income_statement,GrossProfit,sec_companyfacts,21,2830000000.0,2026-03-31
TechB,Technology,NVDA,gross_profit,income_statement,GrossProfit,sec_companyfacts,21,61157000000.0,2026-04-26
TechB,Technology,PLTR,gross_profit,income_statement,GrossProfit,sec_companyfacts,21,1416785000.0,2026-03-31
TechB,Technology,TXN,gross_profit,income_statement,GrossProfit,sec_companyfacts,21,2799000000.0,2026-03-31
TechB,Technology,AMAT,income_before_tax,income_statement,"IncomeLossFromContinuingOperationsBeforeIncomeTaxesExtraordinaryItemsNoncontrollingInterest, IncomeLossFromContinuingOperationsBeforeIncomeTaxesMinorityInterestAndIncomeLossFromEquityMethodInvestments",sec_companyfacts,22,3225000000.0,2026-04-26
TechB,Technology,AMD,income_before_tax,income_statement,"IncomeLossFromContinuingOperationsBeforeIncomeTaxesExtraordinaryItemsNoncontrollingInterest, IncomeLossFromContinuingOperationsBeforeIncomeTaxesMinorityInterestAndIncomeLossFromEquityMethodInvestments",sec_companyfacts,21,1604000000.0,2026-03-28
TechB,Technology,APH,income_before_tax,income_statement,IncomeLossFromContinuingOperationsBeforeIncomeTaxesExtraordinaryItemsNoncontrollingInterest,sec_companyfacts,21,1645700000.0,2026-03-31
TechB,Technology,AVGO,income_before_tax,income_statement,IncomeLossFromContinuingOperationsBeforeIncomeTaxesExtraordinaryItemsNoncontrollingInterest,sec_companyfacts,22,10130000000.0,2026-05-03
TechB,Technology,CRM,income_before_tax,income_statement,"IncomeLossFromContinuingOperationsBeforeIncomeTaxesExtraordinaryItemsNoncontrollingInterest, IncomeLossFromContinuingOperationsBeforeIncomeTaxesMinorityInterestAndIncomeLossFromEquityMethodInvestments",sec_companyfacts,21,2721000000.0,2026-04-30
TechB,Technology,CSCO,income_before_tax,income_statement,IncomeLossFromContinuingOperationsBeforeIncomeTaxesExtraordinaryItemsNoncontrollingInterest,sec_companyfacts,23,4039000000.0,2026-04-25
TechB,Technology,INTC,income_before_tax,income_statement,IncomeLossFromContinuingOperationsBeforeIncomeTaxesExtraordinaryItemsNoncontrollingInterest,sec_companyfacts,21,-3946000000.0,2026-03-28
TechB,Technology,LRCX,income_before_tax,income_statement,"IncomeLossFromContinuingOperationsBeforeIncomeTaxesExtraordinaryItemsNoncontrollingInterest, IncomeLossFromContinuingOperationsBeforeIncomeTaxesMinorityInterestAndIncomeLossFromEquityMethodInvestments",sec_companyfacts,23,2011556000.0,2026-03-29
TechB,Technology,MU,income_before_tax,income_statement,IncomeLossFromContinuingOperationsBeforeIncomeTaxesMinorityInterestAndIncomeLossFromEquityMethodInvestments,sec_companyfacts,24,33212000000.0,2026-05-28
TechB,Technology,NOW,income_before_tax,income_statement,"IncomeLossFromContinuingOperationsBeforeIncomeTaxesExtraordinaryItemsNoncontrollingInterest, IncomeLossFromContinuingOperationsBeforeIncomeTaxesMinorityInterestAndIncomeLossFromEquityMethodInvestments",sec_companyfacts,21,673000000.0,2026-03-31
TechB,Technology,NVDA,income_before_tax,income_statement,"IncomeLossFromContinuingOperationsBeforeIncomeTaxesExtraordinaryItemsNoncontrollingInterest, IncomeLossFromContinuingOperationsBeforeIncomeTaxesMinorityInterestAndIncomeLossFromEquityMethodInvestments",sec_companyfacts,21,69903000000.0,2026-04-26
TechB,Technology,PLTR,income_before_tax,income_statement,IncomeLossFromContinuingOperationsBeforeIncomeTaxesExtraordinaryItemsNoncontrollingInterest,sec_companyfacts,21,888601000.0,2026-03-31
TechB,Technology,TXN,income_before_tax,income_statement,IncomeLossFromContinuingOperationsBeforeIncomeTaxesExtraordinaryItemsNoncontrollingInterest,sec_companyfacts,21,1714000000.0,2026-03-31
TechB,Technology,AMAT,income_tax,income_statement,IncomeTaxExpenseBenefit,sec_companyfacts,22,419000000.0,2026-04-26
TechB,Technology,AMD,income_tax,income_statement,IncomeTaxExpenseBenefit,sec_companyfacts,21,238000000.0,2026-03-28
TechB,Technology,APH,income_tax,income_statement,IncomeTaxExpenseBenefit,sec_companyfacts,21,702400000.0,2026-03-31
TechB,Technology,AVGO,income_tax,income_statement,IncomeTaxExpenseBenefit,sec_companyfacts,22,820000000.0,2026-05-03
TechB,Technology,CRM,income_tax,income_statement,IncomeTaxExpenseBenefit,sec_companyfacts,21,614000000.0,2026-04-30
TechB,Technology,CSCO,income_tax,income_statement,IncomeTaxExpenseBenefit,sec_companyfacts,23,666000000.0,2026-04-25
TechB,Technology,INTC,income_tax,income_statement,IncomeTaxExpenseBenefit,sec_companyfacts,21,335000000.0,2026-03-28
TechB,Technology,LRCX,income_tax,income_statement,IncomeTaxExpenseBenefit,sec_companyfacts,23,186096000.0,2026-03-29
TechB,Technology,MU,income_tax,income_statement,IncomeTaxExpenseBenefit,sec_companyfacts,24,4978000000.0,2026-05-28
TechB,Technology,NOW,income_tax,income_statement,IncomeTaxExpenseBenefit,sec_companyfacts,21,204000000.0,2026-03-31
TechB,Technology,NVDA,income_tax,income_statement,IncomeTaxExpenseBenefit,sec_companyfacts,21,11582000000.0,2026-04-26
TechB,Technology,PLTR,income_tax,income_statement,IncomeTaxExpenseBenefit,sec_companyfacts,21,12199000.0,2026-03-31
TechB,Technology,TXN,income_tax,income_statement,IncomeTaxExpenseBenefit,sec_companyfacts,21,169000000.0,2026-03-31
TechB,Technology,AMAT,long_term_debt,balance_sheet,LongTermDebtNoncurrent,sec_companyfacts,22,5256000000.0,2026-04-26
TechB,Technology,AMD,long_term_debt,balance_sheet,LongTermDebtNoncurrent,sec_companyfacts,21,2350000000.0,2026-03-28
TechB,Technology,APH,long_term_debt,balance_sheet,LongTermDebtAndCapitalLeaseObligations,sec_companyfacts,21,16639300000.0,2026-03-31
TechB,Technology,AVGO,long_term_debt,balance_sheet,"LongTermDebtAndCapitalLeaseObligations, LongTermDebtNoncurrent",sec_companyfacts,22,62655000000.0,2026-05-03
TechB,Technology,CRM,long_term_debt,balance_sheet,LongTermDebtNoncurrent,sec_companyfacts,21,39280000000.0,2026-04-30
TechB,Technology,CSCO,long_term_debt,balance_sheet,LongTermDebtNoncurrent,sec_companyfacts,23,19371000000.0,2026-04-25
TechB,Technology,INTC,long_term_debt,balance_sheet,LongTermDebtNoncurrent,sec_companyfacts,21,43027000000.0,2026-03-28
TechB,Technology,LRCX,long_term_debt,balance_sheet,"LongTermDebtAndCapitalLeaseObligations, LongTermDebtNoncurrent",sec_companyfacts,23,3730384000.0,2026-03-29
TechB,Technology,MU,long_term_debt,balance_sheet,LongTermDebtAndCapitalLeaseObligations,sec_companyfacts,24,5140000000.0,2026-05-28
TechB,Technology,NOW,long_term_debt,balance_sheet,"ConvertibleLongTermNotesPayable, LongTermDebtNoncurrent",sec_companyfacts,21,1491000000.0,2026-03-31
TechB,Technology,NVDA,long_term_debt,balance_sheet,LongTermDebtNoncurrent,sec_companyfacts,21,7470000000.0,2026-04-26
TechB,Technology,PLTR,long_term_debt,balance_sheet,LongTermDebtNoncurrent,sec_companyfacts,4,0.0,2021-12-31
TechB,Technology,TXN,long_term_debt,balance_sheet,LongTermDebtNoncurrent,sec_companyfacts,21,12901000000.0,2026-03-31
TechB,Technology,AMAT,net_income,income_statement,NetIncomeLoss,sec_companyfacts,22,2806000000.0,2026-04-26
TechB,Technology,AMD,net_income,income_statement,NetIncomeLoss,sec_companyfacts,21,1383000000.0,2026-03-28
TechB,Technology,APH,net_income,income_statement,NetIncomeLoss,sec_companyfacts,21,933000000.0,2026-03-31
TechB,Technology,AVGO,net_income,income_statement,"NetIncomeLoss, ProfitLoss",sec_companyfacts,22,9310000000.0,2026-05-03
TechB,Technology,CRM,net_income,income_statement,NetIncomeLoss,sec_companyfacts,21,2107000000.0,2026-04-30
TechB,Technology,CSCO,net_income,income_statement,NetIncomeLoss,sec_companyfacts,23,3373000000.0,2026-04-25
TechB,Technology,INTC,net_income,income_statement,NetIncomeLoss,sec_companyfacts,21,-3728000000.0,2026-03-28
TechB,Technology,LRCX,net_income,income_statement,NetIncomeLoss,sec_companyfacts,23,1825460000.0,2026-03-29
TechB,Technology,MU,net_income,income_statement,NetIncomeLoss,sec_companyfacts,24,28243000000.0,2026-05-28
TechB,Technology,NOW,net_income,income_statement,NetIncomeLoss,sec_companyfacts,21,469000000.0,2026-03-31
TechB,Technology,NVDA,net_income,income_statement,NetIncomeLoss,sec_companyfacts,21,58321000000.0,2026-04-26
TechB,Technology,PLTR,net_income,income_statement,NetIncomeLoss,sec_companyfacts,21,870527000.0,2026-03-31
TechB,Technology,TXN,net_income,income_statement,NetIncomeLoss,sec_companyfacts,21,1545000000.0,2026-03-31
TechB,Technology,AMAT,operating_cash_flow,cash_flow_statement,NetCashProvidedByUsedInOperatingActivities,sec_companyfacts,20,845000000.0,2026-04-26
TechB,Technology,AMD,operating_cash_flow,cash_flow_statement,NetCashProvidedByUsedInOperatingActivities,sec_companyfacts,21,2955000000.0,2026-03-28
TechB,Technology,APH,operating_cash_flow,cash_flow_statement,NetCashProvidedByUsedInOperatingActivities,sec_companyfacts,21,1121500000.0,2026-03-31
TechB,Technology,AVGO,operating_cash_flow,cash_flow_statement,NetCashProvidedByUsedInOperatingActivities,sec_companyfacts,20,10493000000.0,2026-05-03
TechB,Technology,CRM,operating_cash_flow,cash_flow_statement,NetCashProvidedByUsedInOperatingActivities,sec_companyfacts,21,6701000000.0,2026-04-30
TechB,Technology,CSCO,operating_cash_flow,cash_flow_statement,NetCashProvidedByUsedInOperatingActivities,sec_companyfacts,23,3757000000.0,2026-04-25
TechB,Technology,INTC,operating_cash_flow,cash_flow_statement,NetCashProvidedByUsedInOperatingActivities,sec_companyfacts,21,1096000000.0,2026-03-28
TechB,Technology,LRCX,operating_cash_flow,cash_flow_statement,NetCashProvidedByUsedInOperatingActivities,sec_companyfacts,23,1141420000.0,2026-03-29
TechB,Technology,MU,operating_cash_flow,cash_flow_statement,NetCashProvidedByUsedInOperatingActivities,sec_companyfacts,24,25388000000.0,2026-05-28
TechB,Technology,NOW,operating_cash_flow,cash_flow_statement,NetCashProvidedByUsedInOperatingActivities,sec_companyfacts,21,1670000000.0,2026-03-31
TechB,Technology,NVDA,operating_cash_flow,cash_flow_statement,NetCashProvidedByUsedInOperatingActivities,sec_companyfacts,21,50344000000.0,2026-04-26
TechB,Technology,PLTR,operating_cash_flow,cash_flow_statement,NetCashProvidedByUsedInOperatingActivities,sec_companyfacts,21,899165000.0,2026-03-31
TechB,Technology,TXN,operating_cash_flow,cash_flow_statement,NetCashProvidedByUsedInOperatingActivities,sec_companyfacts,21,1520000000.0,2026-03-31
TechB,Technology,AMAT,operating_income,income_statement,OperatingIncomeLoss,sec_companyfacts,22,2523000000.0,2026-04-26
TechB,Technology,AMD,operating_income,income_statement,OperatingIncomeLoss,sec_companyfacts,21,1476000000.0,2026-03-28
TechB,Technology,APH,operating_income,income_statement,OperatingIncomeLoss,sec_companyfacts,21,1831800000.0,2026-03-31
TechB,Technology,AVGO,operating_income,income_statement,OperatingIncomeLoss,sec_companyfacts,22,10788000000.0,2026-05-03
TechB,Technology,CRM,operating_income,income_statement,OperatingIncomeLoss,sec_companyfacts,21,2347000000.0,2026-04-30
TechB,Technology,CSCO,operating_income,income_statement,OperatingIncomeLoss,sec_companyfacts,23,3960000000.0,2026-04-25
TechB,Technology,INTC,operating_income,income_statement,OperatingIncomeLoss,sec_companyfacts,21,-3136000000.0,2026-03-28
TechB,Technology,LRCX,operating_income,income_statement,OperatingIncomeLoss,sec_companyfacts,23,2047016000.0,2026-03-29
TechB,Technology,MU,operating_income,income_statement,OperatingIncomeLoss,sec_companyfacts,24,33318000000.0,2026-05-28
TechB,Technology,NOW,operating_income,income_statement,OperatingIncomeLoss,sec_companyfacts,21,503000000.0,2026-03-31
TechB,Technology,NVDA,operating_income,income_statement,OperatingIncomeLoss,sec_companyfacts,21,53536000000.0,2026-04-26
TechB,Technology,PLTR,operating_income,income_statement,OperatingIncomeLoss,sec_companyfacts,21,753998000.0,2026-03-31
TechB,Technology,TXN,operating_income,income_statement,OperatingIncomeLoss,sec_companyfacts,21,1808000000.0,2026-03-31
TechB,Technology,AMAT,research_and_development,income_statement,ResearchAndDevelopmentExpense,sec_companyfacts,22,1027000000.0,2026-04-26
TechB,Technology,AMD,research_and_development,income_statement,ResearchAndDevelopmentExpense,sec_companyfacts,21,2397000000.0,2026-03-28
TechB,Technology,APH,research_and_development,income_statement,ResearchAndDevelopmentExpense,sec_companyfacts,5,647000000.0,2025-12-31
TechB,Technology,AVGO,research_and_development,income_statement,ResearchAndDevelopmentExpense,sec_companyfacts,22,2995000000.0,2026-05-03
TechB,Technology,CRM,research_and_development,income_statement,ResearchAndDevelopmentExpense,sec_companyfacts,21,1627000000.0,2026-04-30
TechB,Technology,CSCO,research_and_development,income_statement,ResearchAndDevelopmentExpense,sec_companyfacts,23,2377000000.0,2026-04-25
TechB,Technology,INTC,research_and_development,income_statement,ResearchAndDevelopmentExpense,sec_companyfacts,21,3375000000.0,2026-03-28
TechB,Technology,LRCX,research_and_development,income_statement,ResearchAndDevelopmentExpense,sec_companyfacts,23,583200000.0,2026-03-29
TechB,Technology,MU,research_and_development,income_statement,ResearchAndDevelopmentExpense,sec_companyfacts,24,1316000000.0,2026-05-28
TechB,Technology,NOW,research_and_development,income_statement,ResearchAndDevelopmentExpense,sec_companyfacts,21,823000000.0,2026-03-31
TechB,Technology,NVDA,research_and_development,income_statement,ResearchAndDevelopmentExpense,sec_companyfacts,21,6321000000.0,2026-04-26
TechB,Technology,PLTR,research_and_development,income_statement,ResearchAndDevelopmentExpense,sec_companyfacts,21,160981000.0,2026-03-31
TechB,Technology,TXN,research_and_development,income_statement,ResearchAndDevelopmentExpense,sec_companyfacts,21,510000000.0,2026-03-31
TechB,Technology,AMAT,revenue,income_statement,"RevenueFromContractWithCustomerExcludingAssessedTax, Revenues",sec_companyfacts,22,7910000000.0,2026-04-26
TechB,Technology,AMD,revenue,income_statement,RevenueFromContractWithCustomerExcludingAssessedTax,sec_companyfacts,21,10253000000.0,2026-03-28
TechB,Technology,APH,revenue,income_statement,RevenueFromContractWithCustomerExcludingAssessedTax,sec_companyfacts,21,7620100000.0,2026-03-31
TechB,Technology,AVGO,revenue,income_statement,RevenueFromContractWithCustomerExcludingAssessedTax,sec_companyfacts,22,22187000000.0,2026-05-03
TechB,Technology,CRM,revenue,income_statement,RevenueFromContractWithCustomerExcludingAssessedTax,sec_companyfacts,21,11133000000.0,2026-04-30
TechB,Technology,CSCO,revenue,income_statement,RevenueFromContractWithCustomerExcludingAssessedTax,sec_companyfacts,23,15841000000.0,2026-04-25
TechB,Technology,INTC,revenue,income_statement,RevenueFromContractWithCustomerExcludingAssessedTax,sec_companyfacts,21,13577000000.0,2026-03-28
TechB,Technology,LRCX,revenue,income_statement,RevenueFromContractWithCustomerExcludingAssessedTax,sec_companyfacts,23,5841488000.0,2026-03-29
TechB,Technology,MU,revenue,income_statement,RevenueFromContractWithCustomerExcludingAssessedTax,sec_companyfacts,24,41456000000.0,2026-05-28
TechB,Technology,NOW,revenue,income_statement,RevenueFromContractWithCustomerExcludingAssessedTax,sec_companyfacts,21,3770000000.0,2026-03-31
TechB,Technology,NVDA,revenue,income_statement,Revenues,sec_companyfacts,21,81615000000.0,2026-04-26
TechB,Technology,PLTR,revenue,income_statement,RevenueFromContractWithCustomerExcludingAssessedTax,sec_companyfacts,21,1632583000.0,2026-03-31
TechB,Technology,TXN,revenue,income_statement,RevenueFromContractWithCustomerExcludingAssessedTax,sec_companyfacts,21,4825000000.0,2026-03-31
TechB,Technology,AMAT,short_term_debt,balance_sheet,ShortTermBorrowings,sec_companyfacts,14,1199000000.0,2026-04-26
TechB,Technology,AMD,short_term_debt,balance_sheet,"LongTermDebtCurrent, ShortTermBorrowings",sec_companyfacts,17,874000000.0,2026-03-28
TechB,Technology,APH,short_term_debt,balance_sheet,LongTermDebtAndCapitalLeaseObligationsCurrent,sec_companyfacts,21,2109600000.0,2026-03-31
TechB,Technology,AVGO,short_term_debt,balance_sheet,"DebtCurrent, LongTermDebtAndCapitalLeaseObligationsCurrent, LongTermDebtCurrent",sec_companyfacts,22,2252000000.0,2026-05-03
TechB,Technology,CRM,short_term_debt,balance_sheet,LongTermDebtCurrent,sec_companyfacts,21,0.0,2026-04-30
TechB,Technology,CSCO,short_term_debt,balance_sheet,"DebtCurrent, LongTermDebtCurrent",sec_companyfacts,23,11932000000.0,2026-04-25
TechB,Technology,INTC,short_term_debt,balance_sheet,DebtCurrent,sec_companyfacts,21,2004000000.0,2026-03-28
TechB,Technology,LRCX,short_term_debt,balance_sheet,"LongTermDebtAndCapitalLeaseObligationsCurrent, LongTermDebtCurrent",sec_companyfacts,23,4095000.0,2026-03-29
TechB,Technology,MU,short_term_debt,balance_sheet,DebtCurrent,sec_companyfacts,24,582000000.0,2026-05-28
TechB,Technology,NOW,short_term_debt,balance_sheet,LongTermDebtCurrent,sec_companyfacts,7,0.0,2022-12-31
TechB,Technology,NVDA,short_term_debt,balance_sheet,DebtCurrent,sec_companyfacts,18,1000000000.0,2026-04-26
TechB,Technology,TXN,short_term_debt,balance_sheet,LongTermDebtCurrent,sec_companyfacts,21,1149000000.0,2026-03-31
TechB,Technology,AMAT,total_assets,balance_sheet,Assets,sec_companyfacts,22,40286000000.0,2026-04-26
TechB,Technology,AMD,total_assets,balance_sheet,Assets,sec_companyfacts,21,79642000000.0,2026-03-28
TechB,Technology,APH,total_assets,balance_sheet,Assets,sec_companyfacts,21,42133800000.0,2026-03-31
TechB,Technology,AVGO,total_assets,balance_sheet,Assets,sec_companyfacts,22,179158000000.0,2026-05-03
TechB,Technology,CRM,total_assets,balance_sheet,Assets,sec_companyfacts,21,106680000000.0,2026-04-30
TechB,Technology,CSCO,total_assets,balance_sheet,Assets,sec_companyfacts,23,125546000000.0,2026-04-25
TechB,Technology,INTC,total_assets,balance_sheet,Assets,sec_companyfacts,21,205332000000.0,2026-03-28
TechB,Technology,LRCX,total_assets,balance_sheet,Assets,sec_companyfacts,23,20791910000.0,2026-03-29
TechB,Technology,MU,total_assets,balance_sheet,Assets,sec_companyfacts,24,134112000000.0,2026-05-28
TechB,Technology,NOW,total_assets,balance_sheet,Assets,sec_companyfacts,21,24381000000.0,2026-03-31
TechB,Technology,NVDA,total_assets,balance_sheet,Assets,sec_companyfacts,21,259474000000.0,2026-04-26
TechB,Technology,PLTR,total_assets,balance_sheet,Assets,sec_companyfacts,21,10199183000.0,2026-03-31
TechB,Technology,TXN,total_assets,balance_sheet,Assets,sec_companyfacts,21,34393000000.0,2026-03-31
TechB,Technology,AMAT,total_equity,balance_sheet,StockholdersEquity,sec_companyfacts,22,23909000000.0,2026-04-26
TechB,Technology,AMD,total_equity,balance_sheet,StockholdersEquity,sec_companyfacts,21,64462000000.0,2026-03-28
TechB,Technology,APH,total_equity,balance_sheet,StockholdersEquity,sec_companyfacts,21,13976800000.0,2026-03-31
TechB,Technology,AVGO,total_equity,balance_sheet,StockholdersEquityIncludingPortionAttributableToNoncontrollingInterest,sec_companyfacts,22,87691000000.0,2026-05-03
TechB,Technology,CRM,total_equity,balance_sheet,StockholdersEquity,sec_companyfacts,21,34235000000.0,2026-04-30
TechB,Technology,CSCO,total_equity,balance_sheet,StockholdersEquity,sec_companyfacts,23,48861000000.0,2026-04-25
TechB,Technology,INTC,total_equity,balance_sheet,StockholdersEquity,sec_companyfacts,21,111394000000.0,2026-03-28
TechB,Technology,LRCX,total_equity,balance_sheet,StockholdersEquity,sec_companyfacts,23,10584779000.0,2026-03-29
TechB,Technology,MU,total_equity,balance_sheet,StockholdersEquity,sec_companyfacts,24,100724000000.0,2026-05-28
TechB,Technology,NOW,total_equity,balance_sheet,StockholdersEquity,sec_companyfacts,21,11728000000.0,2026-03-31
TechB,Technology,NVDA,total_equity,balance_sheet,StockholdersEquity,sec_companyfacts,21,195474000000.0,2026-04-26
TechB,Technology,PLTR,total_equity,balance_sheet,StockholdersEquity,sec_companyfacts,21,8449663000.0,2026-03-31
TechB,Technology,TXN,total_equity,balance_sheet,StockholdersEquity,sec_companyfacts,21,16778000000.0,2026-03-31
TechC,Technology,ACN,capital_expenditure,cash_flow_statement,PaymentsToAcquirePropertyPlantAndEquipment,sec_companyfacts,23,186224000.0,2026-05-31
TechC,Technology,APP,capital_expenditure,cash_flow_statement,PaymentsToAcquirePropertyPlantAndEquipment,sec_companyfacts,13,4776000.0,2024-12-31
TechC,Technology,QCOM,capital_expenditure,cash_flow_statement,PaymentsToAcquireProductiveAssets,sec_companyfacts,22,533000000.0,2026-03-29
TechC,Technology,ACN,cash_and_cash_equivalents,balance_sheet,CashAndCashEquivalentsAtCarryingValue,sec_companyfacts,23,10165245000.0,2026-05-31
TechC,Technology,APP,cash_and_cash_equivalents,balance_sheet,CashAndCashEquivalentsAtCarryingValue,sec_companyfacts,21,2758671000.0,2026-03-31
TechC,Technology,QCOM,cash_and_cash_equivalents,balance_sheet,CashAndCashEquivalentsAtCarryingValue,sec_companyfacts,22,5435000000.0,2026-03-29
TechC,Technology,ACN,cost_of_revenue,income_statement,CostOfGoodsAndServicesSold,sec_companyfacts,23,12583809000.0,2026-05-31
TechC,Technology,APP,cost_of_revenue,income_statement,CostOfRevenue,sec_companyfacts,21,203632000.0,2026-03-31
TechC,Technology,QCOM,cost_of_revenue,income_statement,CostOfRevenue,sec_companyfacts,22,4900000000.0,2026-03-29
TechC,Technology,ACN,gross_profit,income_statement,(calculated/none),calculated,23,6134335000.0,2026-05-31
TechC,Technology,APP,gross_profit,income_statement,(calculated/none),calculated,21,1638817000.0,2026-03-31
TechC,Technology,QCOM,gross_profit,income_statement,(calculated/none),calculated,22,5699000000.0,2026-03-29
TechC,Technology,ACN,income_before_tax,income_statement,IncomeLossFromContinuingOperationsBeforeIncomeTaxesExtraordinaryItemsNoncontrollingInterest,sec_companyfacts,20,3149828000.0,2026-05-31
TechC,Technology,APP,income_before_tax,income_statement,IncomeLossFromContinuingOperationsBeforeIncomeTaxesExtraordinaryItemsNoncontrollingInterest,sec_companyfacts,21,1431408000.0,2026-03-31
TechC,Technology,QCOM,income_before_tax,income_statement,IncomeLossFromContinuingOperationsBeforeIncomeTaxesExtraordinaryItemsNoncontrollingInterest,sec_companyfacts,22,2232000000.0,2026-03-29
TechC,Technology,ACN,income_tax,income_statement,IncomeTaxExpenseBenefit,sec_companyfacts,23,761935000.0,2026-05-31
TechC,Technology,APP,income_tax,income_statement,IncomeTaxExpenseBenefit,sec_companyfacts,21,225795000.0,2026-03-31
TechC,Technology,QCOM,income_tax,income_statement,IncomeTaxExpenseBenefit,sec_companyfacts,22,-5138000000.0,2026-03-29
TechC,Technology,ACN,long_term_debt,balance_sheet,LongTermDebtAndCapitalLeaseObligations,sec_companyfacts,23,5029449000.0,2026-05-31
TechC,Technology,APP,long_term_debt,balance_sheet,LongTermDebtNoncurrent,sec_companyfacts,21,3514022000.0,2026-03-31
TechC,Technology,QCOM,long_term_debt,balance_sheet,"LongTermDebt, LongTermDebtNoncurrent",sec_companyfacts,22,14772000000.0,2026-03-29
TechC,Technology,ACN,net_income,income_statement,NetIncomeLoss,sec_companyfacts,23,2338989000.0,2026-05-31
TechC,Technology,APP,net_income,income_statement,NetIncomeLoss,sec_companyfacts,21,1205613000.0,2026-03-31
TechC,Technology,QCOM,net_income,income_statement,NetIncomeLoss,sec_companyfacts,22,7370000000.0,2026-03-29
TechC,Technology,ACN,operating_cash_flow,cash_flow_statement,NetCashProvidedByUsedInOperatingActivities,sec_companyfacts,23,3786212000.0,2026-05-31
TechC,Technology,APP,operating_cash_flow,cash_flow_statement,NetCashProvidedByUsedInOperatingActivities,sec_companyfacts,21,1291393000.0,2026-03-31
TechC,Technology,QCOM,operating_cash_flow,cash_flow_statement,NetCashProvidedByUsedInOperatingActivities,sec_companyfacts,22,2449000000.0,2026-03-29
TechC,Technology,ACN,operating_income,income_statement,OperatingIncomeLoss,sec_companyfacts,23,3175298000.0,2026-05-31
TechC,Technology,APP,operating_income,income_statement,OperatingIncomeLoss,sec_companyfacts,21,1439933000.0,2026-03-31
TechC,Technology,QCOM,operating_income,income_statement,OperatingIncomeLoss,sec_companyfacts,22,2309000000.0,2026-03-29
TechC,Technology,ACN,research_and_development,income_statement,ResearchAndDevelopmentExpense,sec_companyfacts,5,817300000.0,2025-08-31
TechC,Technology,APP,research_and_development,income_statement,ResearchAndDevelopmentExpense,sec_companyfacts,21,94104000.0,2026-03-31
TechC,Technology,QCOM,research_and_development,income_statement,ResearchAndDevelopmentExpense,sec_companyfacts,22,2463000000.0,2026-03-29
TechC,Technology,ACN,revenue,income_statement,Revenues,sec_companyfacts,23,18718144000.0,2026-05-31
TechC,Technology,APP,revenue,income_statement,RevenueFromContractWithCustomerExcludingAssessedTax,sec_companyfacts,21,1842449000.0,2026-03-31
TechC,Technology,QCOM,revenue,income_statement,Revenues,sec_companyfacts,22,10599000000.0,2026-03-29
TechC,Technology,ACN,short_term_debt,balance_sheet,DebtCurrent,sec_companyfacts,23,112816000.0,2026-05-31
TechC,Technology,APP,short_term_debt,balance_sheet,"LongTermDebtCurrent, ShortTermBorrowings",sec_companyfacts,17,200000000.0,2025-03-31
TechC,Technology,QCOM,short_term_debt,balance_sheet,DebtCurrent,sec_companyfacts,21,498000000.0,2026-03-29
TechC,Technology,ACN,total_assets,balance_sheet,Assets,sec_companyfacts,23,68806561000.0,2026-05-31
TechC,Technology,APP,total_assets,balance_sheet,Assets,sec_companyfacts,21,7707705000.0,2026-03-31
TechC,Technology,QCOM,total_assets,balance_sheet,Assets,sec_companyfacts,22,57136000000.0,2026-03-29
TechC,Technology,ACN,total_equity,balance_sheet,StockholdersEquity,sec_companyfacts,23,31890566000.0,2026-05-31
TechC,Technology,APP,total_equity,balance_sheet,StockholdersEquity,sec_companyfacts,21,2363483000.0,2026-03-31
TechC,Technology,QCOM,total_equity,balance_sheet,StockholdersEquityIncludingPortionAttributableToNoncontrollingInterest,sec_companyfacts,22,27278000000.0,2026-03-29
TechD,Technology,IBM,capital_expenditure,cash_flow_statement,PaymentsToAcquirePropertyPlantAndEquipment,sec_companyfacts,21,232000000.0,2026-03-31
TechD,Technology,INTU,capital_expenditure,cash_flow_statement,PaymentsToAcquirePropertyPlantAndEquipment,sec_companyfacts,23,64000000.0,2026-04-30
TechD,Technology,KLAC,capital_expenditure,cash_flow_statement,PaymentsToAcquirePropertyPlantAndEquipment,sec_companyfacts,23,85187000.0,2026-03-31
TechD,Technology,ORCL,capital_expenditure,cash_flow_statement,PaymentsToAcquirePropertyPlantAndEquipment,sec_companyfacts,24,55663000000.0,2026-05-31
TechD,Technology,IBM,cash_and_cash_equivalents,balance_sheet,CashAndCashEquivalentsAtCarryingValue,sec_companyfacts,21,10819000000.0,2026-03-31
TechD,Technology,INTU,cash_and_cash_equivalents,balance_sheet,CashAndCashEquivalentsAtCarryingValue,sec_companyfacts,23,4681000000.0,2026-04-30
TechD,Technology,KLAC,cash_and_cash_equivalents,balance_sheet,CashAndCashEquivalentsAtCarryingValue,sec_companyfacts,23,1787010000.0,2026-03-31
TechD,Technology,ORCL,cash_and_cash_equivalents,balance_sheet,CashAndCashEquivalentsAtCarryingValue,sec_companyfacts,24,31289000000.0,2026-05-31
TechD,Technology,ORCL,cloud_services_and_license_support_cost,income_statement,"CloudAndSoftwareExpenses, CloudServicesAndLicenseSupportExpenses",ixbrl_dimensional,24,17597000000.0,2026-05-31
TechD,Technology,INTU,cost_of_amo,income_statement,CostOfGoodsAndServicesSoldAmortization,ixbrl_dimensional,23,43000000.0,2026-04-30
TechD,Technology,INTU,cost_of_product,income_statement,"CostOfGoodsAndServiceExcludingDepreciationDepletionAndAmortization, CostOfGoodsAndServicesSold",ixbrl_dimensional,23,14000000.0,2026-04-30
TechD,Technology,IBM,cost_of_revenue,income_statement,CostOfRevenue,sec_companyfacts,21,6968000000.0,2026-03-31
TechD,Technology,INTU,cost_of_revenue,income_statement,(calculated/none),calculated,23,1374000000.0,2026-04-30
TechD,Technology,KLAC,cost_of_revenue,income_statement,CostOfRevenue,sec_companyfacts,23,1327672000.0,2026-03-31
TechD,Technology,ORCL,cost_of_revenue,income_statement,(calculated/none),calculated,24,23021000000.0,2026-05-31
TechD,Technology,INTU,cost_of_service,income_statement,"CostOfGoodsAndServiceExcludingDepreciationDepletionAndAmortization, CostOfGoodsAndServicesSold",ixbrl_dimensional,23,1317000000.0,2026-04-30
TechD,Technology,IBM,gross_profit,income_statement,GrossProfit,sec_companyfacts,21,8950000000.0,2026-03-31
TechD,Technology,INTU,gross_profit,income_statement,(calculated/none),calculated,23,7184000000.0,2026-04-30
TechD,Technology,KLAC,gross_profit,income_statement,GrossProfit,calculated,23,2087406000.0,2026-03-31
TechD,Technology,ORCL,gross_profit,income_statement,(calculated/none),calculated,24,44336000000.0,2026-05-31
TechD,Technology,ORCL,hardware_cost,income_statement,HardwareExpenses,ixbrl_dimensional,24,868000000.0,2026-05-31
TechD,Technology,KLAC,impairment,income_statement,AssetImpairmentCharges,ixbrl_dimensional,9,0.0,2026-03-31
TechD,Technology,IBM,income_before_tax,income_statement,IncomeLossFromContinuingOperationsBeforeIncomeTaxesExtraordinaryItemsNoncontrollingInterest,sec_companyfacts,21,1387000000.0,2026-03-31
TechD,Technology,INTU,income_before_tax,income_statement,"IncomeLossFromContinuingOperationsBeforeIncomeTaxesExtraordinaryItemsNoncontrollingInterest, IncomeLossFromContinuingOperationsBeforeIncomeTaxesMinorityInterestAndIncomeLossFromEquityMethodInvestments",sec_companyfacts,23,4047000000.0,2026-04-30
TechD,Technology,KLAC,income_before_tax,income_statement,"IncomeLossFromContinuingOperationsBeforeIncomeTaxesExtraordinaryItemsNoncontrollingInterest, IncomeLossFromContinuingOperationsBeforeIncomeTaxesMinorityInterestAndIncomeLossFromEquityMethodInvestments",sec_companyfacts,23,1416761000.0,2026-03-31
TechD,Technology,ORCL,income_before_tax,income_statement,IncomeLossFromContinuingOperationsIncludingNoncontrollingInterestBeforeIncomeTaxesExtraordinaryItems,ixbrl_dimensional,24,19554000000.0,2026-05-31
TechD,Technology,IBM,income_tax,income_statement,IncomeTaxExpenseBenefit,sec_companyfacts,21,172000000.0,2026-03-31
TechD,Technology,INTU,income_tax,income_statement,IncomeTaxExpenseBenefit,sec_companyfacts,23,983000000.0,2026-04-30
TechD,Technology,KLAC,income_tax,income_statement,IncomeTaxExpenseBenefit,sec_companyfacts,23,215771000.0,2026-03-31
TechD,Technology,ORCL,income_tax,income_statement,IncomeTaxExpenseBenefit,sec_companyfacts,24,2467000000.0,2026-05-31
TechD,Technology,IBM,intel_prop,income_statement,IntellectualPropertyAndCustomDevelopmentIncome,ixbrl_dimensional,21,172000000.0,2026-03-31
TechD,Technology,IBM,long_term_debt,balance_sheet,LongTermDebtNoncurrent,sec_companyfacts,21,57706000000.0,2026-03-31
TechD,Technology,INTU,long_term_debt,balance_sheet,"LongTermDebt, LongTermDebtNoncurrent",sec_companyfacts,23,5412000000.0,2026-04-30
TechD,Technology,KLAC,long_term_debt,balance_sheet,"LongTermDebt, LongTermDebtNoncurrent",sec_companyfacts,23,5887063000.0,2026-03-31
TechD,Technology,ORCL,long_term_debt,balance_sheet,"LongTermDebt, LongTermNotesAndLoans",sec_companyfacts,24,122342000000.0,2026-05-31
TechD,Technology,IBM,net_income,income_statement,NetIncomeLoss,sec_companyfacts,21,1216000000.0,2026-03-31
TechD,Technology,INTU,net_income,income_statement,NetIncomeLoss,sec_companyfacts,23,3064000000.0,2026-04-30
TechD,Technology,KLAC,net_income,income_statement,NetIncomeLoss,sec_companyfacts,23,1200990000.0,2026-03-31
TechD,Technology,ORCL,net_income,income_statement,NetIncomeLoss,sec_companyfacts,24,17087000000.0,2026-05-31
TechD,Technology,IBM,operating_cash_flow,cash_flow_statement,NetCashProvidedByUsedInOperatingActivities,sec_companyfacts,21,5169000000.0,2026-03-31
TechD,Technology,INTU,operating_cash_flow,cash_flow_statement,NetCashProvidedByUsedInOperatingActivities,sec_companyfacts,23,5300000000.0,2026-04-30
TechD,Technology,KLAC,operating_cash_flow,cash_flow_statement,NetCashProvidedByUsedInOperatingActivities,sec_companyfacts,23,707451000.0,2026-03-31
TechD,Technology,ORCL,operating_cash_flow,cash_flow_statement,NetCashProvidedByUsedInOperatingActivities,sec_companyfacts,24,31977000000.0,2026-05-31
TechD,Technology,IBM,operating_income,income_statement,(calculated/none),calculated,21,1861000000.0,2026-03-31
TechD,Technology,INTU,operating_income,income_statement,OperatingIncomeLoss,sec_companyfacts,23,4020000000.0,2026-04-30
TechD,Technology,KLAC,operating_income,income_statement,(calculated/none),calculated,23,1407509000.0,2026-03-31
TechD,Technology,ORCL,operating_income,income_statement,OperatingIncomeLoss,sec_companyfacts,24,20606000000.0,2026-05-31
TechD,Technology,IBM,other_income_exp,income_statement,"OtherExpenseAndIncome, OtherIncomeAndExpense",ixbrl_dimensional,21,-1000000.0,2026-03-31
TechD,Technology,IBM,research_and_development,income_statement,ResearchAndDevelopmentExpense,sec_companyfacts,21,2173000000.0,2026-03-31
TechD,Technology,INTU,research_and_development,income_statement,ResearchAndDevelopmentExpense,sec_companyfacts,23,840000000.0,2026-04-30
TechD,Technology,KLAC,research_and_development,income_statement,ResearchAndDevelopmentExpense,sec_companyfacts,23,388763000.0,2026-03-31
TechD,Technology,ORCL,research_and_development,income_statement,ResearchAndDevelopmentExpense,sec_companyfacts,24,10272000000.0,2026-05-31
TechD,Technology,IBM,revenue,income_statement,Revenues,sec_companyfacts,21,15917000000.0,2026-03-31
TechD,Technology,INTU,revenue,income_statement,RevenueFromContractWithCustomerExcludingAssessedTax,sec_companyfacts,23,8558000000.0,2026-04-30
TechD,Technology,KLAC,revenue,income_statement,RevenueFromContractWithCustomerExcludingAssessedTax,sec_companyfacts,23,3415078000.0,2026-03-31
TechD,Technology,ORCL,revenue,income_statement,RevenueFromContractWithCustomerExcludingAssessedTax,sec_companyfacts,24,67357000000.0,2026-05-31
TechD,Technology,IBM,selling_general,income_statement,SellingGeneralAndAdministrativeExpense,ixbrl_dimensional,21,5089000000.0,2026-03-31
TechD,Technology,KLAC,selling_general,income_statement,SellingGeneralAndAdministrativeExpense,ixbrl_dimensional,23,291134000.0,2026-03-31
TechD,Technology,ORCL,services_cost,income_statement,ServicesExpense,ixbrl_dimensional,24,4556000000.0,2026-05-31
TechD,Technology,IBM,short_term_debt,balance_sheet,LongTermDebtAndCapitalLeaseObligationsCurrent,sec_companyfacts,21,7554000000.0,2026-03-31
TechD,Technology,INTU,short_term_debt,balance_sheet,"DebtCurrent, LongTermDebtCurrent",sec_companyfacts,20,750000000.0,2026-04-30
TechD,Technology,KLAC,short_term_debt,balance_sheet,"LongTermDebtCurrent, ShortTermBorrowings",sec_companyfacts,14,0.0,2025-06-30
TechD,Technology,ORCL,short_term_debt,balance_sheet,"DebtCurrent, NotesPayableCurrent",sec_companyfacts,24,7199000000.0,2026-05-31
TechD,Technology,IBM,total_assets,balance_sheet,Assets,sec_companyfacts,21,156229000000.0,2026-03-31
TechD,Technology,INTU,total_assets,balance_sheet,Assets,sec_companyfacts,23,39330000000.0,2026-04-30
TechD,Technology,KLAC,total_assets,balance_sheet,Assets,sec_companyfacts,23,16873515000.0,2026-03-31
TechD,Technology,ORCL,total_assets,balance_sheet,Assets,sec_companyfacts,24,261759000000.0,2026-05-31
TechD,Technology,IBM,total_equity,balance_sheet,StockholdersEquity,sec_companyfacts,21,32974000000.0,2026-03-31
TechD,Technology,INTU,total_equity,balance_sheet,StockholdersEquity,sec_companyfacts,23,20629000000.0,2026-04-30
TechD,Technology,KLAC,total_equity,balance_sheet,"StockholdersEquity, StockholdersEquityIncludingPortionAttributableToNoncontrollingInterest",sec_companyfacts,23,5830495000.0,2026-03-31
TechD,Technology,ORCL,total_equity,balance_sheet,StockholdersEquity,sec_companyfacts,24,42508000000.0,2026-05-31
